title; artist; yt views; genius views; lastfm views; genius/yt; lastfm/yt
Flashing Lights; Kanye West; 197837766; 1830238; 2256351; 0.00925121; 0.01140506
Bohemian Rhapsody - Remastered 2011; Queen; 2065514998; 11181230; 2243996; 0.00541329; 0.00108641
Stairway to Heaven - Remaster; Led Zeppelin; 179396025; 2418263; 1483746; 0.01348003; 0.00827079
Imagine - Remastered 2010; John Lennon; 343133631; 2262614; 978149; 0.00659397; 0.00285064
Smells Like Teen Spirit; Nirvana; 2191113583; 3768659; 4106963; 0.00171997; 0.00187437
Hotel California - 2013 Remaster; Eagles; 866686705; 4949636; 1260050; 0.00571099; 0.00145387
Billie Jean; Michael Jackson; 2190814098; 2667070; 3342176; 0.00121739; 0.00152554
Like a Rolling Stone; Bob Dylan; 63192822; 632145; 1597828; 0.01000343; 0.02528496
Hey Jude; The Beatles; 447471191; 1733969; 1350929; 0.00387504; 0.00301903
Respect; Aretha Franklin; 85000000; 635744; 1318926; 0.00747934; 0.01551678
What's Going On; Marvin Gaye; 14975655; 828898; 256; 0.05534970; 0.00001709
(I Can't Get No) Satisfaction - Mono; The Rolling Stones; 199411294; 10351; 663259; 0.00005191; 0.00332609
Good Vibrations - Remastered 2001; The Beach Boys; 18454306; 310812; 806485; 0.01684225; 0.04370172
Johnny B. Goode; Chuck Berry; 16807159; 351241; 339; 0.02089830; 0.00002017
Yesterday - Remastered 2009; The Beatles; 109773768; 3738037; 1110660; 0.03405219; 0.01011772
Let It Be - Remastered 2009; The Beatles; 218514440; 2193240; 1162798; 0.01003705; 0.00532138
Superstition - Single Version; Stevie Wonder; 178133083; 499358; 1132038; 0.00280329; 0.00635501
Purple Haze; Jimi Hendrix; 37141740; 169388; 1619224; 0.00456058; 0.04359580
A Day In The Life - Remastered 2009; The Beatles; 168226442; 1068460; 864536; 0.00635132; 0.00513912
Suspicious Minds; Elvis Presley; 121901228; 267974; 936041; 0.00219829; 0.00767868
My Generation - Stereo Version; The Who; 20262732; 151762; 905822; 0.00748971; 0.04470384
I Heard It Through The Grapevine; Marvin Gaye; 13240167; 217526; 947496; 0.01642925; 0.07156224
Blowin' in the Wind; Bob Dylan; 28458773; 763510; 218; 0.02682863; 0.00000766
Born to Run; Bruce Springsteen; 64923482; 846297; 1037037; 0.01303530; 0.01597322
Light My Fire; The Doors; 42940426; 503343; 1568509; 0.01172189; 0.03652756
God Only Knows; The Beach Boys; 8781028; 660017; 806836; 0.07516398; 0.09188400
Bridge Over Troubled Water; Simon & Garfunkel; 48821413; 467800; 845666; 0.00958186; 0.01732162
Every Breath You Take; The Police; 1685707143; 1175802; 2883496; 0.00069751; 0.00171056
Hallelujah; Jeff Buckley; 246334071; 1528345; 1562494; 0.00620436; 0.00634299
London Calling - Remastered; The Clash; 5382278; 594545; 1104529; 0.11046345; 0.20521590
Hound Dog; Elvis Presley; 39483552; 391777; 878120; 0.00992254; 0.02224015
Let's Stay Together; Al Green; 40052216; 337528; 200; 0.00842720; 0.00000499
Sweet Child O' Mine; Guns N' Roses; 1954267749; 3042938; 74; 0.00155707; 0.00000004
Thunder Road; Bruce Springsteen; 6231279; 863496; 589965; 0.13857444; 0.09467799
Waterloo Sunset; The Kinks; 17798137; 140315; 646273; 0.00788369; 0.03631127
Heroes - 2017 Remaster; David Bowie; 56303319; 1060361; 248482; 0.01883301; 0.00441327
I Will Always Love You; Whitney Houston; 1911149015; 2813237; 1046088; 0.00147201; 0.00054736
All Along the Watchtower; Jimi Hendrix; 274291451; 10351; 1771904; 0.00003774; 0.00645993
Dancing Queen; ABBA; 1106439016; 2735449; 2583143; 0.00247230; 0.00233465
I Walk the Line; Johnny Cash; 37000000; 893952; 1054732; 0.02416086; 0.02850627
Sympathy For The Devil - 50th Anniversary Edition; The Rolling Stones; 92525374; 1073837; 1220266; 0.01160587; 0.01318845
Gimme Shelter; The Rolling Stones; 145348498; 573153; 1651017; 0.00394330; 0.01135902
Wonderwall - Remastered; Oasis; 506013266; 3088555; 2751206; 0.00610370; 0.00543702
Losing My Religion; R.E.M.; 1444282733; 1153045; 2371722; 0.00079835; 0.00164215
Under the Bridge; Red Hot Chili Peppers; 347610307; 2051785; 2808446; 0.00590254; 0.00807929
Creep; Radiohead; 1481070540; 12441533; 4131879; 0.00840036; 0.00278979
No Woman No Cry; Bob Marley & The Wailers; 64491643; 1074744; 1; 0.01666486; 0.00000002
In My Life - Remastered 2009; The Beatles; 114446135; 2584640; 669789; 0.02258390; 0.00585244
Stand By Me; Ben E. King; 586000000; 2872244; 1691564; 0.00490144; 0.00288663
Papa's Got A Brand New Bag (Part 1) - Single Version; James Brown; 8395540; 28559; 131; 0.00340169; 0.00001560
A Change Is Gonna Come; Sam Cooke; 95856993; 773943; 668899; 0.00807393; 0.00697809
Tutti Frutti; Little Richard; 1506189; 239708; 480638; 0.15914869; 0.31910869
Tangled up in Blue; Bob Dylan; 28807514; 385381; 768206; 0.01337779; 0.02666686
Heartbreak Hotel; Elvis Presley; 31000000; 161367; 633934; 0.00520539; 0.02044948
When Doves Cry; Prince; 137339532; 342545; 962789; 0.00249415; 0.00701028
Family Affair - Single Version; Sly & The Family Stone; 9000000; 67319; 1; 0.00747989; 0.00000011
Whole Lotta Love - 1990 Remaster; Led Zeppelin; 264363481; 454466; 1079666; 0.00171910; 0.00408402
California Gurls; Katy Perry; 826638175; 2042636; 679975; 0.00247102; 0.00082258
Rolling in the Deep; Adele; 2868741941; 5119093; 2644090; 0.00178444; 0.00092169
Someone Like You; Adele; 2511655396; 2535545; 2170602; 0.00100951; 0.00086421
Shape of You; Ed Sheeran; 6741061748; 15761477; 1391014; 0.00233813; 0.00020635
Uptown Funk (feat. Bruno Mars); Mark Ronson; 5832338263; 3162553; 539554; 0.00054224; 0.00009251
Blinding Lights; The Weeknd; 1035802315; 3151764; 2380489; 0.00304282; 0.00229821
Dance Monkey; Tones And I; 2295501209; 2468515; 766356; 0.00107537; 0.00033385
Perfect; Ed Sheeran; 4170664870; 7926199; 1079613; 0.00190046; 0.00025886
Thinking out Loud; Ed Sheeran; 4012423261; 2422374; 1268430; 0.00060372; 0.00031613
Despacito; Luis Fonsi; 9042451341; 4607903; 626783; 0.00050959; 0.00006932
Closer; The Chainsmokers; 509728506; 7115013; 1441838; 0.01395844; 0.00282864
Sunflower - Spider-Man: Into the Spider-Verse; Post Malone; 2989522558; 3345542; 34833; 0.00111909; 0.00001165
Señorita; Shawn Mendes; 1988673544; 3159876; 969488; 0.00158894; 0.00048750
bad guy; Billie Eilish; 1348636207; 4174364; 1681476; 0.00309525; 0.00124680
Havana (feat. Young Thug); Camila Cabello; 1141144734; 4242516; 291661; 0.00371777; 0.00025559
Levitating (feat. DaBaby); Dua Lipa; 1115791414; 1553055; 1235627; 0.00139189; 0.00110740
As It Was; Harry Styles; 963277106; 4074025; 2059820; 0.00422934; 0.00213835
STAY (with Justin Bieber); The Kid LAROI; 1101000694; 1569571; 47071; 0.00142559; 0.00004275
Watermelon Sugar; Harry Styles; 428490017; 2312534; 1539021; 0.00539694; 0.00359173
Peaches (feat. Daniel Caesar & Giveon); Justin Bieber; 867532646; 1672517; 27196; 0.00192790; 0.00003135
good 4 u; Olivia Rodrigo; 532873796; 2988149; 1831584; 0.00560761; 0.00343718
drivers license; Olivia Rodrigo; 624433904; 4770756; 1640472; 0.00764013; 0.00262713
Don't Start Now; Dua Lipa; 770258542; 1699816; 21; 0.00220681; 0.00000003
Save Your Tears; The Weeknd; 2161861940; 2167429; 1884254; 0.00100258; 0.00087159
rockstar (feat. 21 Savage); Post Malone; 1330596408; 7404852; 266669; 0.00556506; 0.00020041
God's Plan; Drake; 1701841755; 10057663; 36; 0.00590987; 0.00000002
Lucid Dreams; Juice WRLD; 1189914326; 5784803; 1307668; 0.00486153; 0.00109896
SICKO MODE; Travis Scott; 1391443250; 10238212; 1536736; 0.00735798; 0.00110442
Old Town Road (feat. Billy Ray Cyrus) - Remix; Lil Nas X; 1505117355; 5876370; 656202; 0.00390426; 0.00043598
Shallow; Lady Gaga; 1857097538; 8941496; 939323; 0.00481477; 0.00050580
Without Me; Halsey; 1154447387; 2759910; 1205141; 0.00239068; 0.00104391
Bad Romance; Lady Gaga; 2055105793; 1800072; 3113130; 0.00087590; 0.00151483
Poker Face; Lady Gaga; 1741830906; 4002852; 3667292; 0.00229807; 0.00210542
Just the Way You Are; Bruno Mars; 2173549895; 1258641; 2218133; 0.00057907; 0.00102051
Grenade; Bruno Mars; 1265199722; 1364064; 1898789; 0.00107814; 0.00150078
Firework; Katy Perry; 1566594337; 959313; 2168044; 0.00061236; 0.00138392
Teenage Dream; Katy Perry; 383325772; 460784; 2302544; 0.00120207; 0.00600676
Roar; Katy Perry; 4324132002; 841440; 1402639; 0.00019459; 0.00032437
Dark Horse; Katy Perry; 4185465201; 1486926; 1674523; 0.00035526; 0.00040008
Blank Space; Taylor Swift; 3809812733; 2256260; 1864039; 0.00059222; 0.00048927
Shake It Off; Taylor Swift; 3690833449; 1490559; 1654147; 0.00040385; 0.00044818
Love Story; Taylor Swift; 818617512; 1890824; 1518900; 0.00230978; 0.00185545
You Belong With Me; Taylor Swift; 1746235538; 2057551; 1462187; 0.00117828; 0.00083734
I Knew You Were Trouble.; Taylor Swift; 540877875; 434202; 319797; 0.00080277; 0.00059126
We Are Never Ever Getting Back Together (Taylor's Version); Taylor Swift; 839311081; 2134957; 1222613; 0.00254370; 0.00145669
Cruel Summer; Taylor Swift; 293000000; 2604441; 1712359; 0.00888888; 0.00584423
Sorry; Justin Bieber; 4117909244; 4603696; 1658907; 0.00111797; 0.00040285
Love Yourself; Justin Bieber; 1823769809; 8323043; 1328248; 0.00456365; 0.00072830
What Do You Mean?; Justin Bieber; 2321713945; 2220256; 15339; 0.00095630; 0.00000661
Hello; Adele; 3264740470; 5879480; 1049928; 0.00180090; 0.00032160
Set Fire to the Rain; Adele; 341344457; 2542970; 2084697; 0.00744986; 0.00610731
Skyfall; Adele; 814901454; 962098; 1391008; 0.00118063; 0.00170696
Chandelier; Sia; 2925738437; 3496842; 1438394; 0.00119520; 0.00049163
Cheap Thrills (feat. Sean Paul); Sia; 1270968081; 2153843; 981160; 0.00169465; 0.00077198
Take Me To Church; Hozier; 987023559; 8283511; 2237573; 0.00839241; 0.00226699
Radioactive; Imagine Dragons; 1561259091; 1887840; 2022111; 0.00120918; 0.00129518
Demons; Imagine Dragons; 1271534902; 2356831; 1739257; 0.00185353; 0.00136784
Believer; Imagine Dragons; 3000920898; 8230558; 1268762; 0.00274268; 0.00042279
Thunder; Imagine Dragons; 2408510375; 2713317; 1047884; 0.00112655; 0.00043508
Counting Stars; OneRepublic; 4437048460; 3517285; 2047092; 0.00079271; 0.00046136
Apologize; Timbaland; 912915792; 173278; 1078394; 0.00018981; 0.00118126
Secrets; OneRepublic; 298660240; 1011335; 1008371; 0.00338624; 0.00337631
Viva La Vida; Coldplay; 1056568393; 4502796; 3558903; 0.00426172; 0.00336836
Fix You; Coldplay; 729529817; 1762275; 2632883; 0.00241563; 0.00360901
Yellow; Coldplay; 1330022458; 2187885; 3594893; 0.00164500; 0.00270288
The Scientist; Coldplay; 1353420058; 2307066; 3068836; 0.00170462; 0.00226747
Paradise; Coldplay; 2064833523; 641016; 2007952; 0.00031044; 0.00097245
A Sky Full of Stars; Coldplay; 1085543419; 768033; 1440476; 0.00070751; 0.00132696
Something Just Like This; The Chainsmokers; 2519020566; 4467474; 1253267; 0.00177350; 0.00049752
Wake Me Up; Avicii; 2523960530; 1086352; 1643745; 0.00043042; 0.00065126
Levels - Radio Edit; Avicii; 779169244; 182361; 325123; 0.00023405; 0.00041727
Hey Brother; Avicii; 344460082; 621239; 1010530; 0.00180352; 0.00293366
Titanium (feat. Sia); David Guetta; 2158626568; 2114806; 102169; 0.00097970; 0.00004733
Without You (feat. Usher); David Guetta; 461623264; 155829; 27855; 0.00033757; 0.00006034
Summer; Calvin Harris; 1780704588; 686575; 1595137; 0.00038556; 0.00089579
Feel So Close - Radio Edit; Calvin Harris; 376182281; 127689; 195801; 0.00033943; 0.00052050
We Found Love; Rihanna; 1194234891; 509462; 296721; 0.00042660; 0.00024846
Diamonds; Rihanna; 2581304870; 1639789; 1728435; 0.00063526; 0.00066960
Umbrella; Rihanna; 1260384383; 1491089; 2374806; 0.00118304; 0.00188419
Don't Stop Believin' (2022 Remaster); Journey; 377878902; 3568908; 189; 0.00944458; 0.00000050
Livin' On A Prayer; Bon Jovi; 1459627191; 812034; 196; 0.00055633; 0.00000013
Sweet Home Alabama; Lynyrd Skynyrd; 47189415; 1057833; 1841197; 0.02241674; 0.03901716
Back In Black; AC/DC; 1210815148; 609406; 2163911; 0.00050330; 0.00178715
Highway to Hell; AC/DC; 464517504; 607882; 2175720; 0.00130863; 0.00468383
Thunderstruck; AC/DC; 1733354921; 501561; 1727781; 0.00028936; 0.00099678
You Shook Me All Night Long; AC/DC; 418352886; 417642; 1599848; 0.00099830; 0.00382416
Hells Bells; AC/DC; 351286365; 382613; 1054253; 0.00108918; 0.00300112
Enter Sandman - Remastered 2021; Metallica; 799254809; 1487834; 1891676; 0.00186153; 0.00236680
Nothing Else Matters - Remastered 2021; Metallica; 1646313657; 1557531; 1708303; 0.00094607; 0.00103765
Master Of Puppets; Metallica; 141115508; 1155897; 1666537; 0.00819114; 0.01180974
One; Metallica; 380898722; 1739398; 1411361; 0.00456656; 0.00370534
The Unforgiven - Remastered 2021; Metallica; 484443906; 1067740; 1179676; 0.00220405; 0.00243511
Smells Like Teen Spirit; Nirvana; 98390; 3768669; 4106963; 38.30337433; 41.74167090
Come As You Are; Nirvana; 707837958; 2691313; 3913786; 0.00380216; 0.00552921
Lithium; Nirvana; 325044594; 1235989; 2828835; 0.00380252; 0.00870291
In Bloom; Nirvana; 189585308; 935197; 2285589; 0.00493286; 0.01205573
Heart-Shaped Box; Heart-Shaped Tracks; 301393632; 21; 1147; 0.00000007; 0.00000381
Black Hole Sun; Soundgarden; 322666450; 816650; 2333604; 0.00253094; 0.00723225
Alive; Pearl Jam; 104168002; 1135285; 1643602; 0.01089860; 0.01577838
Jeremy; Pearl Jam; 144904460; 797753; 1352994; 0.00550537; 0.00933715
Even Flow; Pearl Jam; 217873154; 1152278; 1929857; 0.00528876; 0.00885771
Plush; Stone Temple Pilots; 87275986; 458379; 852922; 0.00525206; 0.00977270
Interstate Love Song - 2019 Remaster; Stone Temple Pilots; 88444947; 261022; 702882; 0.00295124; 0.00794711
Creep; TLC; 151166612; 481768; 545066; 0.00318700; 0.00360573
Waterfalls; TLC; 178119551; 1545774; 1042660; 0.00867829; 0.00585371
No Scrubs; TLC; 521922927; 464886; 1904758; 0.00089072; 0.00364950
I Swear; All-4-One; 28345761; 182406; 260208; 0.00643504; 0.00917979
End Of The Road; Boyz II Men; 381932704; 749144; 459022; 0.00196146; 0.00120184
I'll Make Love To You; Boyz II Men; 232778260; 185972; 403597; 0.00079892; 0.00173383
Water Runs Dry; Boyz II Men; 84249966; 245913; 159907; 0.00291885; 0.00189801
On Bended Knee; Boyz II Men; 214704583; 344609; 268976; 0.00160504; 0.00125277
Motownphilly; Boyz II Men; 23229108; 107452; 183548; 0.00462575; 0.00790164
A Thousand Miles; Vanessa Carlton; 488995132; 1497676; 1376915; 0.00306276; 0.00281581
Complicated; Avril Lavigne; 887850101; 904055; 2217728; 0.00101825; 0.00249786
Sk8er Boi; Avril Lavigne; 307377714; 512659; 1749310; 0.00166785; 0.00569108
I'm with You; Avril Lavigne; 322058923; 295324; 1206838; 0.00091699; 0.00374726
Since U Been Gone; Kelly Clarkson; 138886703; 1091305; 1843034; 0.00785752; 0.01327005
Because of You; Kelly Clarkson; 647494899; 508122; 1138466; 0.00078475; 0.00175826
Breakaway; Kelly Clarkson; 3600000; 534171; 932760; 0.14838083; 0.25910000
Toxic; Britney Spears; 781122119; 1004788; 3099283; 0.00128634; 0.00396773
...Baby One More Time; Britney Spears; 1182645783; 2800223; 2104372; 0.00236776; 0.00177938
Oops!...I Did It Again; Britney Spears; 531485003; 495483; 2; 0.00093226; 0.00000000
Genie In a Bottle; Christina Aguilera; 365825991; 879307; 1550534; 0.00240362; 0.00423845
Beautiful; Christina Aguilera; 9117923; 317458; 872117; 0.03481692; 0.09564865
Fighter; Christina Aguilera; 32000000; 150999; 703174; 0.00471872; 0.02197419
Dirrty (feat. Redman); Christina Aguilera; 223679548; 118517; 275210; 0.00052985; 0.00123038
Lady Marmalade - Single Edit; Christina Aguilera; 633823930; 637596; 168740; 0.00100595; 0.00026623
Crazy In Love (feat. JAY-Z); Beyoncé; 975645330; 721216; 706488; 0.00073922; 0.00072412
Single Ladies (Put a Ring on It); Beyoncé; 1060461365; 5898; 22927; 0.00000556; 0.00002162
Halo; Beyoncé; 1812062465; 4208719; 1810102; 0.00232261; 0.00099892
Irreplaceable; Beyoncé; 608492963; 1087640; 1566478; 0.00178743; 0.00257436
If I Were a Boy; Beyoncé; 649334761; 2940060; 1126346; 0.00452780; 0.00173462
Listen (From the Motion Picture Dreamgirls); Beyoncé; 26234541; 1041933; 89097; 0.03971608; 0.00339617
Love On Top; Beyoncé; 592462389; 676741; 1069322; 0.00114225; 0.00180488
Drunk in Love (feat. JAY-Z); Beyoncé; 809157356; 8942448; 349496; 0.01105156; 0.00043193
Formation; Beyoncé; 335337797; 23311; 767323; 0.00006951; 0.00228821
Run the World (Girls); Beyoncé; 617708797; 423424; 3764; 0.00068548; 0.00000609
I Will Always Love You; Dolly Parton; 13237335; 76592; 339912; 0.00578606; 0.02567828
Jolene; Dolly Parton; 107758050; 2471371; 1352962; 0.02293444; 0.01255555
9 to 5; Dolly Parton; 102141890; 1648162; 983231; 0.01613600; 0.00962613
Ring of Fire; Johnny Cash; 55909019; 1808704; 1245330; 0.03235084; 0.02227422
Folsom Prison Blues - Live at Folsom State Prison, Folsom, CA - January 1968; Johnny Cash; 47000000; 2051407; 840939; 0.04364696; 0.01789232
Hurt; Johnny Cash; 339410435; 1337733; 1723589; 0.00394134; 0.00507819
I Walk the Line; Johnny Cash; 6583641; 893952; 1054732; 0.13578383; 0.16020497
Man in Black; Johnny Cash; 15390040; 101667; 395919; 0.00660603; 0.02572566
Sunday Morning Coming Down - Live at Ryman Auditorium, Nashville, TN - July 1970; Johnny Cash; 21470664; 55054; 185934; 0.00256415; 0.00865991
Crazy - Single Version; Patsy Cline; 28540680; 310401; 296582; 0.01087574; 0.01039155
I Fall To Pieces - Single Version; Patsy Cline; 8285135; 25867; 151312; 0.00312210; 0.01826307
Stand By Your Man; Tammy Wynette; 14250598; 108568; 253349; 0.00761849; 0.01777813
He Stopped Loving Her Today; George Jones; 51620187; 159086; 200861; 0.00308186; 0.00389113
Your Cheatin' Heart; Hank Williams; 6031643; 55997; 20; 0.00928387; 0.00000332
I'm So Lonesome I Could Cry; Hank Williams; 29349466; 110798; 255454; 0.00377513; 0.00870387
Hey, Good Lookin'; Hank Williams; 17073589; 247245; 1; 0.01448114; 0.00000006
Jambalaya (On The Bayou); Hank Williams; 8075787; 230342; 12944; 0.02852255; 0.00160282
Blue Eyes Crying In the Rain; Willie Nelson; 26827551; 116582; 298904; 0.00434561; 0.01114168
On the Road Again; Willie Nelson; 33339855; 142802; 473485; 0.00428322; 0.01420177
Always On My Mind; Willie Nelson; 118008872; 111536; 277687; 0.00094515; 0.00235310
Mammas Don't Let Your Babies Grow up to Be Cowboys; Waylon Jennings; 15651141; 453049; 172809; 0.02894671; 0.01104130
Luckenbach, Texas (Back to the Basics of Love) (feat. Willie Nelson); Waylon Jennings; 5823443; 45807; 1; 0.00786597; 0.00000017
Good Hearted Woman; Waylon Jennings; 11184450; 26986; 120376; 0.00241281; 0.01076280
I've Always Been Crazy; Waylon Jennings; 7129622; 22909; 414; 0.00321321; 0.00005807
The Gambler; Kenny Rogers; 353421728; 1187519; 470122; 0.00336006; 0.00133020
Lucille; Kenny Rogers; 15737054; 86874; 85711; 0.00552035; 0.00544645
Coward Of The County; Kenny Rogers; 35922596; 101358; 121039; 0.00282157; 0.00336944
Islands In the Stream; Dolly Parton; 107424912; 524141; 345605; 0.00487914; 0.00321718
Rhinestone Cowboy; Glen Campbell; 62398867; 87014; 235758; 0.00139448; 0.00377824
Wichita Lineman - Remastered 2001; Glen Campbell; 23874003; 296376; 159379; 0.01241417; 0.00667584
Galveston - Remastered 2001; Glen Campbell; 5468732; 84813; 58801; 0.01550871; 0.01075222
By The Time I Get To Phoenix - Remastered 2001; Glen Campbell; 4311979; 83661; 83066; 0.01940200; 0.01926401
Gentle On My Mind - Remastered 2001; Glen Campbell; 12351444; 126789; 47428; 0.01026512; 0.00383987
Suspicious Minds; Elvis Presley; 121901898; 267975; 936041; 0.00219828; 0.00767864
Jailhouse Rock; Elvis Presley; 282913762; 388939; 1217266; 0.00137476; 0.00430260
Hound Dog; Elvis Presley; 39483593; 391777; 878120; 0.00992253; 0.02224012
Can't Help Falling in Love; Elvis Presley; 474724438; 4012087; 1525451; 0.00845140; 0.00321334
Love Me Tender; Elvis Presley; 15000000; 473713; 498391; 0.03158087; 0.03322607
Heartbreak Hotel; Elvis Presley; 1974819; 161367; 633934; 0.08171230; 0.32100866
Don't Be Cruel; Elvis Presley; 16489129; 73465; 530655; 0.00445536; 0.03218211
All Shook Up; Elvis Presley; 21021352; 73560; 506511; 0.00349930; 0.02409507
Return to Sender - From Girls! Girls! Girls!; Elvis Presley; 3894467; 48142; 275216; 0.01236164; 0.07066846
Are You Lonesome Tonight?; Elvis Presley; 16696451; 111352; 176538; 0.00666920; 0.01057338
It's Now or Never; Elvis Presley; 25353032; 99818; 329931; 0.00393712; 0.01301347
A Little Less Conversation - JXL Radio Edit Remix; Elvis Presley; 1869; 11696; 303267; 6.25789192; 162.26163724
In the Ghetto; Elvis Presley; 21628070; 135890; 507824; 0.00628304; 0.02347986
Blue Suede Shoes; Elvis Presley; 65060930; 148338; 562619; 0.00227999; 0.00864757
That's All Right; Elvis Presley; 13957277; 58345; 283353; 0.00418026; 0.02030145
Good Morning Judge; Wynonie Harris; 167732; 2429; 6451; 0.01448143; 0.03846016
Rocket 88 - Single Version; Jackie Brenston & His Delta Cats; 258651; 25774; 10013; 0.09964779; 0.03871240
Tutti Frutti; Little Richard; 1503001; 239710; 480638; 0.15948759; 0.31978555
Long Tall Sally (The Thing); Little Richard; 34040732; 97319; 287058; 0.00285890; 0.00843278
Good Golly Miss Molly; Little Richard; 18602209; 69190; 205157; 0.00371945; 0.01102864
Lucille; Little Richard; 1505558; 71399; 208512; 0.04742361; 0.13849483
Rip It Up; Little Richard; 6300000; 22439; 145571; 0.00356175; 0.02310651
ALL THE LOVE (feat. Andre Troutman); Kanye West; 8697096; 452778; 2926; 0.05206083; 0.00033643
Do You Really Want To Hurt Me; Culture Club; 155628882; 68746; 387433; 0.00044173; 0.00248947
Hyper Hyper; Scooter; 9509931; 12483; 97125; 0.00131263; 0.01021301
Move Your Ass!; Scooter; 11382989; 8655; 27136; 0.00076035; 0.00238391
How Much Is The Fish?; Scooter; 126000000; 80005; 62809; 0.00063496; 0.00049848
Wahnsinn; Wolfgang Petry; 5798161; 28154; 56031; 0.00485568; 0.00966358
Verlieben, verloren, vergessen, verzeih'n; Wolfgang Petry; 34179636; 26886; 50004; 0.00078661; 0.00146298
Ice Ice Baby; Vanilla Ice; 672772066; 986177; 782288; 0.00146584; 0.00116278
Stayin' Alive - From Saturday Night Fever Soundtrack; Bee Gees; 493576183; 776742; 243; 0.00157370; 0.00000049
Go Your Own Way - 2004 Remaster; Fleetwood Mac; 148000000; 469261; 966533; 0.00317068; 0.00653063
Don't Stop 'Til You Get Enough; Michael Jackson; 531330358; 560841; 17; 0.00105554; 0.00000003
Another Brick in the Wall, Pt. 2; Pink Floyd; 66086092; 1279086; 3; 0.01935484; 0.00000005
I Will Survive; Gloria Gaynor; 179668169; 1555209; 996460; 0.00865601; 0.00554611
Night Fever - From Saturday Night Fever Soundtrack; Bee Gees; 94756549; 119914; 256044; 0.00126550; 0.00270212
Dreams - 2004 Remaster; Fleetwood Mac; 87598595; 1894016; 973046; 0.02162153; 0.01110801
September; Earth, Wind & Fire; 882654110; 2202981; 7; 0.00249586; 0.00000001
Heart Of Glass; Blondie; 652731035; 550345; 1370867; 0.00084314; 0.00210020
Mamma Mia; ABBA; 368491125; 1070925; 1567227; 0.00290624; 0.00425309
Y.M.C.A; Village People; 369091636; 791416; 992; 0.00214423; 0.00000269
Le Freak - 2018 Remaster; CHIC; 34695069; 100018; 401437; 0.00288277; 0.01157043
Rocket Man (I Think It's Going To Be A Long, Long Time); Elton John; 180964765; 985054; 201224; 0.00544335; 0.00111195
Tiny Dancer; Elton John; 201602040; 1451498; 1389929; 0.00719982; 0.00689442
Your Song; Elton John; 94275536; 4144737; 1425319; 0.04396408; 0.01511865
Life on Mars? - 2015 Remaster; David Bowie; 253184; 800743; 667798; 3.16269196; 2.63759953
Starman - 2012 Remaster; David Bowie; 81000000; 58720; 713426; 0.00072494; 0.00880773
Kashmir - Remaster; Led Zeppelin; 201220341; 427436; 855396; 0.00212422; 0.00425104
Immigrant Song - Remaster; Led Zeppelin; 126372169; 713649; 1135806; 0.00564720; 0.00898779
Black Dog - Remaster; Led Zeppelin; 52899894; 382456; 1039207; 0.00722981; 0.01964478
We Will Rock You - Remastered 2011; Queen; 679193730; 1059231; 1274430; 0.00155954; 0.00187639
We Are The Champions - Remastered 2011; Queen; 294198906; 827942; 1087225; 0.00281423; 0.00369554
Don't Stop Me Now - Remastered 2011; Queen; 993126797; 2512523; 469; 0.00252991; 0.00000047
Killer Queen - Remastered 2011; Queen; 324667912; 1160452; 1257786; 0.00357427; 0.00387407
Somebody To Love - Remastered 2011; Queen; 530550670; 1300015; 1048159; 0.00245031; 0.00197561
Waterloo; ABBA; 105129656; 388421; 1102903; 0.00369469; 0.01049088
Take A Chance On Me; ABBA; 191110566; 242261; 1151900; 0.00126765; 0.00602740
Gimme! Gimme! Gimme! (A Man After Midnight); ABBA; 699941344; 501457; 38; 0.00071643; 0.00000005
Knowing Me, Knowing You; ABBA; 130102289; 245993; 91; 0.00189077; 0.00000070
How Deep Is Your Love; Bee Gees; 798533266; 1766018; 1063608; 0.00221158; 0.00133195
Jive Talkin'; Bee Gees; 24000000; 57555; 5253; 0.00239813; 0.00021887
Tragedy; Bee Gees; 18330598; 87912; 417457; 0.00479592; 0.02277378
Wish You Were Here; Pink Floyd; 264939704; 3758221; 2243465; 0.01418519; 0.00846783
Money; Pink Floyd; 41443510; 1059668; 1827082; 0.02556897; 0.04408608
Comfortably Numb; Pink Floyd; 296000000; 2361290; 1836604; 0.00797733; 0.00620474
Take It Easy - 2013 Remaster; Eagles; 53278569; 1705526; 470663; 0.03201148; 0.00883400
Desperado - 2013 Remaster; Eagles; 19880224; 57213; 355616; 0.00287789; 0.01788793
One of These Nights - 2013 Remaster; Eagles; 61629466; 609561; 272964; 0.00989074; 0.00442912
The Chain - 2004 Remaster; Fleetwood Mac; 66541420; 1054771; 629021; 0.01585134; 0.00945307
Don't Stop - 2004 Remaster; Fleetwood Mac; 18849377; 124275; 595371; 0.00659306; 0.03158571
Rhiannon; Fleetwood Mac; 92567822; 575410; 1401403; 0.00621609; 0.01513920
Sir Duke; Stevie Wonder; 4657424; 280242; 1023049; 0.06017103; 0.21965984
Isn't She Lovely; Stevie Wonder; 108864486; 504375; 144; 0.00463305; 0.00000132
Higher Ground; Stevie Wonder; 27816789; 260950; 673358; 0.00938103; 0.02420689
Signed, Sealed, Delivered (I'm Yours); Stevie Wonder; 26658058; 203846; 3; 0.00764669; 0.00000011
Rock with You - Single Version; Michael Jackson; 493876765; 439872; 669059; 0.00089065; 0.00135471
Off the Wall; Michael Jackson; 531332806; 278314; 798858; 0.00052380; 0.00150350
Boogie Wonderland (with The Emotions); Earth, Wind & Fire; 457126915; 118711; 410363; 0.00025969; 0.00089770
Fantasy; Earth, Wind & Fire; 29932701; 172091; 347437; 0.00574926; 0.01160727
Shining Star; Earth, Wind & Fire; 14261236; 67265; 408821; 0.00471663; 0.02866659
Hot Stuff; Donna Summer; 40641149; 191169; 632176; 0.00470383; 0.01555507
I Feel Love; Donna Summer; 11860844; 74536; 474569; 0.00628421; 0.04001140
Bad Girls; Donna Summer; 6764117; 207953; 363205; 0.03074355; 0.05369585
MacArthur Park - Single Version; Donna Summer; 10572886; 93706; 57168; 0.00886286; 0.00540704
One Way Or Another - Remastered 2001; Blondie; 51000000; 244380; 1131891; 0.00479176; 0.02219394
Call Me; Blondie; 85465796; 531517; 1612234; 0.00621906; 0.01886408
Sunday Girl - Remastered 2001; Blondie; 1750106; 40527; 314293; 0.02315688; 0.17958512
Macho Man; Village People; 1766656; 82456; 184317; 0.04667349; 0.10433101
In The Navy; Village People; 5763687; 115731; 172056; 0.02007933; 0.02985173
Good Times; CHIC; 16731083; 266424; 438534; 0.01592389; 0.02621074
Everybody Dance - 2018 Remaster; CHIC; 6587537; 12244; 118852; 0.00185866; 0.01804195
Play That Funky Music; Wild Cherry; 13985882; 1130873; 732287; 0.08085818; 0.05235901
Jungleland; Bruce Springsteen; 5872560; 225870; 219273; 0.03846193; 0.03733857
Badlands; Bruce Springsteen; 3100000; 187386; 362646; 0.06044710; 0.11698258
American Pie; Don McLean; 77246384; 3857232; 1336787; 0.04993414; 0.01730550
Maggie May; Rod Stewart; 22644933; 150856; 711717; 0.00666180; 0.03142942
Da Ya Think I'm Sexy?; Rod Stewart; 383975594; 201412; 83; 0.00052454; 0.00000022
Sailing; Rod Stewart; 70220560; 260330; 232403; 0.00370732; 0.00330961
Brown Sugar - Remastered 2009; The Rolling Stones; 23304022; 885891; 794077; 0.03801451; 0.03407468
Angie - Remastered 2009; The Rolling Stones; 84398447; 209540; 807845; 0.00248275; 0.00957180
Miss You - Remastered; The Rolling Stones; 107000000; 217811; 477410; 0.00203562; 0.00446178
Tumbling Dice; The Rolling Stones; 9500000; 123188; 613593; 0.01296716; 0.06458874
Beast Of Burden - Remastered 1994; The Rolling Stones; 24829723; 351927; 490944; 0.01417362; 0.01977243
Riders on the Storm; The Doors; 129000000; 998876; 1527304; 0.00774322; 0.01183957
L.A. Woman; The Doors; 62614641; 435922; 90; 0.00696198; 0.00000144
Love Her Madly; The Doors; 19000000; 153947; 1089940; 0.00810247; 0.05736526
Baba O'Riley; The Who; 20810586; 518952; 20722; 0.02493692; 0.00099574
Won't Get Fooled Again - Original Album Version; The Who; 25883677; 242712; 506; 0.00937703; 0.00001955
Who Do You Think You Are; Spice Girls; 35376548; 100918; 354258; 0.00285268; 0.01001392
Behind Blue Eyes - Remastered 2022; The Who; 12234213; 398950; 948184; 0.03260937; 0.07750266
Sultans Of Swing; Dire Straits; 570904445; 666214; 2058857; 0.00116694; 0.00360631
Roxanne; The Police; 187861757; 768669; 1821045; 0.00409167; 0.00969354
Message In A Bottle; The Police; 151393122; 243527; 1565868; 0.00160857; 0.01034306
Walking On The Moon; The Police; 53694698; 68265; 708482; 0.00127135; 0.01319464
Boys Don't Cry; The Cure; 151779345; 434675; 435; 0.00286386; 0.00000287
Just What I Needed; The Cars; 11768883; 146090; 793937; 0.01241324; 0.06746069
My Best Friend's Girl; The Cars; 10000000; 106709; 29; 0.01067090; 0.00000290
Let's Go; The Cars; 4200000; 34811; 17; 0.00828833; 0.00000405
Train in Vain (Stand by Me) - Remastered; The Clash; 10964176; 164447; 422897; 0.01499857; 0.03857080
Blitzkrieg Bop - 2016 Remaster; Ramones; 26000000; 287654; 634807; 0.01106362; 0.02441565
I Wanna Be Sedated; Ramones; 37751479; 151233; 830438; 0.00400602; 0.02199750
God Save The Queen; Sex Pistols; 46726425; 380196; 922287; 0.00813664; 0.01973802
Anarchy In The UK; Sex Pistols; 25211884; 283242; 381836; 0.01123446; 0.01514508
Lust For Life; Iggy Pop; 39375283; 183870; 921543; 0.00466968; 0.02340410
The Passenger; Iggy Pop; 117482044; 243445; 1217543; 0.00207219; 0.01036365
Walk On the Wild Side; Lou Reed; 80202021; 523550; 1241196; 0.00652789; 0.01547587
Psycho Killer; Talking Heads; 167000000; 897758; 1186390; 0.00537580; 0.00710413
Heart of Gold; Neil Young; 21805004; 510161; 1090847; 0.02339651; 0.05002737
Old Man; Neil Young; 107629398; 802100; 829844; 0.00745242; 0.00771020
Rockin' in the Free World; Neil Young; 5534996; 216; 34; 0.00003902; 0.00000614
A Horse with No Name; America; 56199069; 618944; 1548164; 0.01101342; 0.02754786
Sister Golden Hair; America; 26000000; 164861; 676131; 0.00634081; 0.02600504
Ventura Highway; America; 2302340; 135981; 960646; 0.05906208; 0.41724767
Dust in the Wind; Kansas; 331891220; 708943; 1254117; 0.00213607; 0.00377870
Carry on Wayward Son; Kansas; 151504960; 966745; 1324697; 0.00638095; 0.00874359
More Than a Feeling; Boston; 86232876; 316193; 1783464; 0.00366673; 0.02068195
Peace of Mind; Boston; 17623541; 78940; 601410; 0.00447924; 0.03412538
Don't Look Back; Boston; 17978390; 42772; 13; 0.00237908; 0.00000072
Black Water; The Doobie Brothers; 20000000; 90540; 276385; 0.00452700; 0.01381925
Listen to the Music; The Doobie Brothers; 49771619; 84639; 788950; 0.00170055; 0.01585140
Long Train Runnin'; The Doobie Brothers; 23018870; 77246; 4662; 0.00335577; 0.00020253
What a Fool Believes; The Doobie Brothers; 30342666; 1362174; 675527; 0.04489302; 0.02226327
My Sharona; The Knack; 43941839; 254704; 755128; 0.00579639; 0.01718472
Pop Muzik; M / Robin Scott; 15799357; 56419; 97310; 0.00357097; 0.00615911
Video Killed The Radio Star; The Buggles; 100450168; 421335; 1008780; 0.00419447; 0.01004259
Brass in Pocket - 2018 Remaster; Pretenders; 106012; 182196; 173290; 1.71863563; 1.63462627
I Was Made For Lovin' You; KISS; 1069569138; 896867; 73; 0.00083853; 0.00000007
Rock And Roll All Nite - 2025 Remaster; KISS; 45792743; 96432; 896293; 0.00210584; 0.01957282
Detroit Rock City; KISS; 35626010; 114649; 786767; 0.00321813; 0.02208406
Paranoid - 2009 Remaster; Black Sabbath; 387924704; 1060247; 1848105; 0.00273313; 0.00476408
Iron Man - 2009 Remaster; Black Sabbath; 44228929; 1222188; 1287154; 0.02763323; 0.02910208
War Pigs - 2009 Remaster; Black Sabbath; 108581110; 5592; 992251; 0.00005150; 0.00913834
Smoke On The Water - Remastered 2012; Deep Purple; 38165815; 293760; 1237427; 0.00769694; 0.03242239
Highway Star - Remastered 2012; Deep Purple; 90322846; 81766; 764988; 0.00090526; 0.00846949
Child in Time - 1995 Remaster; Deep Purple; 206554993; 121282; 571153; 0.00058717; 0.00276514
Free Bird; Lynyrd Skynyrd; 76761639; 503975; 1593039; 0.00656545; 0.02075306
Simple Man; Lynyrd Skynyrd; 210886713; 409637; 1027531; 0.00194245; 0.00487243
Ramblin' Man; Allman Brothers Band; 7434226; 67538; 48; 0.00908474; 0.00000646
Midnight Rider; Allman Brothers Band; 20000000; 696; 361910; 0.00003480; 0.01809550
Tush (2006 Remaster); ZZ Top; 26181990; 52443; 347717; 0.00200302; 0.01328077
La Grange (2005 Remaster); ZZ Top; 174514573; 373651; 592848; 0.00214109; 0.00339713
Walk This Way; Aerosmith; 144720913; 561839; 1142898; 0.00388222; 0.00789726
Dream On; Aerosmith; 220000000; 1132229; 2135486; 0.00514650; 0.00970675
Sweet Emotion; Aerosmith; 42395786; 202150; 1045564; 0.00476816; 0.02466198
Barracuda; Heart; 152752145; 322605; 1115878; 0.00211195; 0.00730515
Crazy On You; Heart; 16831100; 119732; 770041; 0.00711374; 0.04575108
Magic Man; Heart; 17942054; 80597; 343689; 0.00449207; 0.01915550
Because the Night; Patti Smith; 43229097; 318525; 631476; 0.00736830; 0.01460766
Rebel Rebel - 2016 Remaster; David Bowie; 1276695; 218090; 618914; 0.17082389; 0.48477828
Changes - 2015 Remaster; David Bowie; 28000000; 616280; 767484; 0.02201000; 0.02741014
Fame - 2016 Remaster; David Bowie; 18705458; 152576; 413064; 0.00815676; 0.02208254
Young Americans - 2016 Remaster; David Bowie; 11791808; 198594; 331893; 0.01684169; 0.02814607
Let's Get It On; Marvin Gaye; 12345864; 288957; 442; 0.02340517; 0.00003580
Mercy Mercy Me (The Ecology); Marvin Gaye; 13000000; 152905; 62630; 0.01176192; 0.00481769
Sexual Healing; Marvin Gaye; 234379863; 319395; 910172; 0.00136272; 0.00388332
Superfly; Curtis Mayfield; 910538; 32597; 457943; 0.03579971; 0.50293673
Move on Up - Single Edit; Curtis Mayfield; 56151991; 86852; 595460; 0.00154673; 0.01060443
Theme From Shaft - Remastered 2009; Isaac Hayes; 12294287; 87081; 246663; 0.00708305; 0.02006322
Just My Imagination (Running Away With Me); The Temptations; 58900049; 162399; 85114; 0.00275720; 0.00144506
Papa Was A Rollin' Stone - Single Version; The Temptations; 41570039; 165721; 19; 0.00398655; 0.00000046
Midnight Train to Georgia; Gladys Knight & The Pips; 45985162; 126872; 1; 0.00275898; 0.00000002
Killing Me Softly With His Song; Roberta Flack; 14403934; 647809; 565696; 0.04497445; 0.03927372
The First Time Ever I Saw Your Face; Roberta Flack; 20165286; 245338; 209571; 0.01216635; 0.01039266
Ain't No Sunshine; Bill Withers; 61936188; 808339; 654; 0.01305116; 0.00001056
Lean on Me; Bill Withers; 5166423; 651943; 643556; 0.12618847; 0.12456510
Lovely Day; Bill Withers; 109754318; 422645; 1191620; 0.00385083; 0.01085716
Use Me; Bill Withers; 7541036; 119287; 560576; 0.01581838; 0.07433674
You're The One That I Want - From “Grease”; John Travolta; 57582820; 596309; 5; 0.01035568; 0.00000009
Summer Nights - From “Grease”; John Travolta; 44522482; 576512; 69775; 0.01294878; 0.00156719
Greased Lightnin' - From “Grease”; John Travolta; 56235391; 108688; 778; 0.00193273; 0.00001383
Hopelessly Devoted To You - From “Grease”; Olivia Newton-John; 125121971; 373025; 325177; 0.00298129; 0.00259888
Take Me Home, Country Roads; John Denver; 570000000; 2321219; 80; 0.00407231; 0.00000014
Annie's Song; John Denver; 49716563; 366697; 48; 0.00737575; 0.00000097
Rocky Mountain High; John Denver; 50305356; 92808; 311056; 0.00184489; 0.00618336
A Boy Named Sue - Live at San Quentin State Prison, San Quentin, CA - February 1969; Johnny Cash; 12099690; 160336; 274260; 0.01325125; 0.02266670
Margaritaville; Jimmy Buffett; 7631922; 561664; 366717; 0.07359404; 0.04805041
Changes In Latitudes, Changes In Attitudes; Jimmy Buffett; 1598965; 72003; 3; 0.04503100; 0.00000188
Piano Man; Billy Joel; 305488033; 1894840; 1738709; 0.00620267; 0.00569158
Just the Way You Are; Billy Joel; 51109619; 373269; 658751; 0.00730330; 0.01288898
Movin' Out (Anthony's Song); Billy Joel; 17238489; 278205; 1; 0.01613860; 0.00000006
Only the Good Die Young; Billy Joel; 6999669; 163495; 563826; 0.02335753; 0.08055038
She's Always a Woman; Billy Joel; 31378686; 335240; 72; 0.01068369; 0.00000229
Bennie And The Jets - Remastered 2014; Elton John; 41000000; 1687976; 422469; 0.04117015; 0.01030412
Crocodile Rock; Elton John; 53170607; 536238; 795435; 0.01008523; 0.01496005
Goodbye Yellow Brick Road - Remastered 2014; Elton John; 95346299; 811045; 493212; 0.00850631; 0.00517285
Don't Go Breaking My Heart; Elton John; 134382020; 252721; 1059908; 0.00188062; 0.00788728
I Shot The Sheriff; Eric Clapton; 181943741; 57223; 533747; 0.00031451; 0.00293358
Wonderful Tonight; Eric Clapton; 212373076; 411416; 978567; 0.00193723; 0.00460777
Lay Down Sally; Eric Clapton; 35660911; 64483; 378040; 0.00180823; 0.01060096
Jamming; Bob Marley & The Wailers; 50322845; 220349; 2; 0.00437871; 0.00000004
Three Little Birds; Bob Marley & The Wailers; 223933972; 1807826; 2; 0.00807303; 0.00000001
Is This Love; Bob Marley & The Wailers; 234880932; 334663; 1239448; 0.00142482; 0.00527692
Stir It Up - Jamaican Version; Bob Marley & The Wailers; 20425; 44451; 2; 2.17630355; 0.00009792
Could You Be Loved; Bob Marley & The Wailers; 181408124; 363181; 4; 0.00200201; 0.00000002
Rich Girl; Daryl Hall & John Oates; 12573519; 657940; 2; 0.05232744; 0.00000016
Sara Smile; Daryl Hall & John Oates; 30278951; 171595; 2; 0.00566714; 0.00000007
Maneater; Daryl Hall & John Oates; 392089022; 633922; 9; 0.00161678; 0.00000002
You Make My Dreams (Come True); Daryl Hall & John Oates; 76917316; 798166; 5; 0.01037694; 0.00000007
September Gurls; Big Star; 1770135; 21738; 180040; 0.01228042; 0.10170976
Thirteen; Big Star; 4066608; 117922; 399134; 0.02899763; 0.09814912
Fox on the Run - Single Version; Sweet; 43847201; 144691; 291318; 0.00329989; 0.00664394
The Ballroom Blitz; Sweet; 15684093; 77; 116502; 0.00000491; 0.00742804
Blockbuster; Sweet; 19402595; 43; 89533; 0.00000222; 0.00461449
Cum on Feel the Noize; Slade; 2638928; 52186; 141817; 0.01977545; 0.05374038
Merry Xmas Everybody; Slade; 6091583; 283298; 408818; 0.04650647; 0.06711195
Get It On; T. Rex; 542217; 598; 460636; 0.00110288; 0.84954179
Children of the Revolution - Remaster; T. Rex; 4291014; 54271; 223631; 0.01264759; 0.05211612
20th Century Boy - Remaster; T. Rex; 1463616; 42497; 242597; 0.02903562; 0.16575181
School's Out; Alice Cooper; 14364847; 172686; 69; 0.01202143; 0.00000480
No More Mr. Nice Guy; Alice Cooper; 5970300; 220787; 19; 0.03698089; 0.00000318
Poison; Alice Cooper; 339421397; 353697; 1006540; 0.00104206; 0.00296546
Radar Love; Golden Earring; 43637056; 227668; 419723; 0.00521731; 0.00961850
Blinded by the Light; Manfred Mann's Earth Band; 34000000; 2551679; 351007; 0.07504938; 0.01032374
Davy's on the Road Again; Manfred Mann's Earth Band; 1047441; 16345; 40; 0.01560470; 0.00003819
Locomotive Breath; Jethro Tull; 24083808; 72669; 431507; 0.00301734; 0.01791689
Aqualung; Jethro Tull; 13998925; 346807; 590120; 0.02477383; 0.04215467
Thick as a Brick (Pt. I) - 1997 Remaster; Jethro Tull; 4343782; 190841; 101107; 0.04393430; 0.02327626
All Right Now; Free; 18536989; 114666; 685188; 0.00618579; 0.03696328
Feel like Makin' Love - 2015 Remaster; Bad Company; 18000000; 6607; 4; 0.00036706; 0.00000022
Can't Get Enough - 2015 Remaster; Bad Company; 4099188; 19546; 21; 0.00476826; 0.00000512
Slow Ride - Edit; Foghat; 5500000; 88631; 474406; 0.01611473; 0.08625564
Fool for the City - 2016 Remaster; Foghat; 830000; 7956; 77927; 0.00958554; 0.09388795
Frankenstein; The Edgar Winter Group; 7203625; 4920; 164949; 0.00068299; 0.02289805
Free Ride; The Edgar Winter Group; 2693137; 14237; 184645; 0.00528640; 0.06856131
Smokin' in the Boy's Room; Brownsville Station; 2800000; 23567; 23634; 0.00841679; 0.00844071
Cat Scratch Fever; Ted Nugent; 5978165; 77985; 240922; 0.01304497; 0.04030033
Stranglehold; Ted Nugent; 58403988; 84408; 392722; 0.00144524; 0.00672423
Black Betty; Ram Jam; 450272327; 487220; 822911; 0.00108206; 0.00182759
The Boys Are Back In Town; Thin Lizzy; 5082998; 137062; 986894; 0.02696480; 0.19415589
Whiskey In The Jar; Thin Lizzy; 13670998; 136134; 252824; 0.00995787; 0.01849346
Dancing In The Moonlight; King Harvest; 24127349; 554720; 676387; 0.02299134; 0.02803404
Brandy (You're a Fine Girl); Looking Glass; 72414428; 249009; 37139; 0.00343867; 0.00051287
The Joker; Steve Miller Band; 48175747; 1033684; 937627; 0.02145652; 0.01946264
Fly Like An Eagle; Steve Miller Band; 12943019; 89679; 515793; 0.00692875; 0.03985106
Rock'n Me; Steve Miller Band; 2472533; 99236; 573; 0.04013536; 0.00023175
Take The Money And Run; Steve Miller Band; 1842634; 66409; 408292; 0.03604026; 0.22158063
Give Up The Funk (Tear The Roof Off The Sucker); Parliament; 5502024; 75401; 10074; 0.01370423; 0.00183096
Flash Light; Parliament; 10424781; 115413; 300257; 0.01107102; 0.02880224
One Nation Under a Groove; Funkadelic; 22353276; 65403; 139268; 0.00292588; 0.00623032
Love Rollercoaster; Ohio Players; 6305634; 53672; 320793; 0.00851175; 0.05087403
Fire; Ohio Players; 6244688; 26071; 185277; 0.00417491; 0.02966954
Brick House; Commodores; 12115540; 146630; 411173; 0.01210264; 0.03393765
Easy; Commodores; 8400000; 240468; 806181; 0.02862714; 0.09597393
Three Times A Lady; Commodores; 126123; 69582; 158331; 0.55169953; 1.25536976
Lady Marmalade; Patti LaBelle; 12489295; 1549; 131859; 0.00012403; 0.01055776
That's the Way (I Like It) - 2004 Remaster; KC & The Sunshine Band; 34000000; 30740; 65568; 0.00090412; 0.00192847
Get Down Tonight - 2004 Remaster; KC & The Sunshine Band; 5659919; 30740; 100652; 0.00543117; 0.01778329
(Shake, Shake, Shake) Shake Your Booty; KC & The Sunshine Band; 15844587; 35015; 32254; 0.00220990; 0.00203565
Disco Inferno; The Trammps; 41845624; 85746; 286930; 0.00204910; 0.00685687
Turn the Beat Around; Vicki Sue Robinson; 3828758; 14759; 77492; 0.00385477; 0.02023946
Knock on Wood - 1985 7 Remix; Amii Stewart; 59492578; 21893; 151532; 0.00036800; 0.00254707
Don't Leave Me This Way; Thelma Houston; 8559387; 60008; 210; 0.00701078; 0.00002453
Bad Company; Bad Company; 27289719; 125615; 198431; 0.00460302; 0.00727127
I Love The Nightlife (Disco 'Round) - Single Version; Alicia Bridges; 8147583; 15974; 54055; 0.00196058; 0.00663448
Ring My Bell; Anita Ward; 25000000; 62880; 378184; 0.00251520; 0.01512736
Funkytown; Lipps Inc.; 48766503; 287567; 149687; 0.00589681; 0.00306946
Atomic; Blondie; 38280369; 65523; 590120; 0.00171166; 0.01541573
Denis; Blondie; 11453502; 33102; 202396; 0.00289012; 0.01767110
Beat It; Michael Jackson; 1379372786; 1038093; 2739019; 0.00075258; 0.00198570
Thriller; Michael Jackson; 1161961766; 1645250; 2380441; 0.00141592; 0.00204864
Smooth Criminal - 2012 Remaster; Michael Jackson; 1247014009; 30740; 825466; 0.00002465; 0.00066195
Take on Me; a-ha; 2425974176; 1703375; 2886614; 0.00070214; 0.00118988
Sweet Dreams (Are Made of This) - 2005 Remaster; Eurythmics; 1181536839; 17616; 724483; 0.00001491; 0.00061317
Like a Virgin; Madonna; 137656225; 254479; 1119349; 0.00184866; 0.00813148
Material Girl; Madonna; 226374220; 318029; 1420441; 0.00140488; 0.00627475
Like a Prayer; Madonna; 409940053; 952631; 1547281; 0.00232383; 0.00377441
Into the Groove; Madonna; 105351026; 219116; 706294; 0.00207987; 0.00670420
You Give Love A Bad Name; Bon Jovi; 447444970; 816800; 1832022; 0.00182548; 0.00409441
Welcome To The Jungle; Guns N' Roses; 692171626; 1121958; 2258402; 0.00162092; 0.00326278
Paradise City; Guns N' Roses; 922230828; 335308; 1906081; 0.00036358; 0.00206682
With Or Without You - Remastered 2007; U2; 221032832; 1408151; 1671336; 0.00637078; 0.00756148
I Still Haven't Found What I'm Looking For - Remastered 2007; U2; 264159667; 410032; 702; 0.00155221; 0.00000266
Sunday Bloody Sunday - Remastered 2008; U2; 66823367; 286332; 889448; 0.00428491; 0.01331043
Pride (In The Name Of Love) - Remastered 2009; U2; 125669352; 19999; 52254; 0.00015914; 0.00041581
Purple Rain; Prince; 276347381; 2110478; 1378643; 0.00763705; 0.00498880
Kiss; Prince; 91720377; 357612; 1020248; 0.00389894; 0.01112346
1999; Prince; 39723490; 368615; 518199; 0.00927952; 0.01304515
Little Red Corvette; Prince; 55704327; 487807; 473251; 0.00875708; 0.00849577
Girls Just Want to Have Fun; Cyndi Lauper; 1704778565; 844430; 1777094; 0.00049533; 0.00104242
Time After Time; Cyndi Lauper; 602945719; 723404; 1563831; 0.00119978; 0.00259365
True Colors; Cyndi Lauper; 171134906; 399325; 539976; 0.00233339; 0.00315527
Wake Me Up Before You Go Go; Wham!; 572000000; 366448; 7538534; 0.00064064; 0.01317926
Careless Whisper - Remastered; George Michael; 1563351867; 3110386; 1729228; 0.00198956; 0.00110610
Faith - Remastered; George Michael; 60108165; 437909; 502463; 0.00728535; 0.00835931
Father Figure - Remastered; George Michael; 179903644; 201881; 235154; 0.00112216; 0.00130711
I Wanna Dance with Somebody (Who Loves Me); Whitney Houston; 561470347; 434388; 261359; 0.00077366; 0.00046549
How Will I Know; Whitney Houston; 172867681; 152273; 671520; 0.00088086; 0.00388459
Saving All My Love for You; Whitney Houston; 99559721; 219828; 455027; 0.00220800; 0.00457039
Another One Bites The Dust - Remastered 2011; Queen; 705304025; 1021831; 1400800; 0.00144878; 0.00198609
Under Pressure - Remastered 2011; Queen; 267322037; 2032505; 1083355; 0.00760321; 0.00405262
Radio Ga Ga - Remastered 2011; Queen; 351518324; 1081238; 689219; 0.00307591; 0.00196069
I Want To Break Free - Single Remix; Queen; 583816931; 537215; 1187810; 0.00092018; 0.00203456
Let's Dance - 2018 Remaster; David Bowie; 85795650; 286981; 649056; 0.00334494; 0.00756514
Modern Love - 2018 Remaster; David Bowie; 48141815; 388136; 467538; 0.00806235; 0.00971168
Ashes to Ashes - 2017 Remaster; David Bowie; 20223492; 390803; 557573; 0.01932421; 0.02757056
Born in the U.S.A.; Bruce Springsteen; 103563733; 57868; 96335; 0.00055877; 0.00093020
Dancing In the Dark; Bruce Springsteen; 494602979; 842009; 1314235; 0.00170239; 0.00265715
I'm On Fire; Bruce Springsteen; 83111794; 1376363; 877989; 0.01656038; 0.01056395
Glory Days; Bruce Springsteen; 63471466; 324879; 566046; 0.00511850; 0.00891812
Money For Nothing - Remastered 1996; Dire Straits; 168362875; 1718423; 1172587; 0.01020666; 0.00696464
Walk Of Life - Remastered 1996; Dire Straits; 449839756; 169515; 1064625; 0.00037683; 0.00236668
Brothers In Arms - Remastered 1996; Dire Straits; 226466736; 351178; 805187; 0.00155068; 0.00355543
Romeo And Juliet; Dire Straits; 39622294; 304616; 819300; 0.00768800; 0.02067775
Africa; TOTO; 1260116208; 2149668; 2275068; 0.00170593; 0.00180544
Rosanna; TOTO; 155694287; 332485; 728063; 0.00213550; 0.00467623
Eye of the Tiger; Survivor; 1201467964; 770909; 1832845; 0.00064164; 0.00152550
Summer Of '69; Bryan Adams; 150883546; 1647068; 212; 0.01091615; 0.00000141
Heaven; Bryan Adams; 152301037; 1531865; 976976; 0.01005814; 0.00641477
Run To You; Bryan Adams; 110679804; 242965; 653627; 0.00219521; 0.00590557
In The Air Tonight - 2015 Remastered; Phil Collins; 339475096; 5738; 801400; 0.00001690; 0.00236070
Against All Odds (Take a Look at Me Now) - 2016 Remaster; Phil Collins; 73607097; 43276; 267983; 0.00058793; 0.00364072
Easy Lover; Philip Bailey; 127011112; 106909; 537025; 0.00084173; 0.00422817
You Can't Hurry Love - 2016 Remaster; Phil Collins; 16985396; 93977; 92; 0.00553281; 0.00000542
Sussudio - 2016 Remaster; Phil Collins; 1096300; 25665; 296533; 0.02341056; 0.27048527
Invisible Touch - 2007 Remaster; Genesis; 28000000; 78456; 292171; 0.00280200; 0.01043468
Land of Confusion - 2007 Remaster; Genesis; 39865965; 110027; 322621; 0.00275992; 0.00809264
Everybody Wants To Rule The World; Tears For Fears; 582383963; 4264972; 2851173; 0.00732330; 0.00489569
Shout; Tears For Fears; 258156124; 245943; 1176865; 0.00095269; 0.00455873
Head Over Heels - Dave Bascombe 7 N.Mix; Tears For Fears; 173838293; 25735; 1073142; 0.00014804; 0.00617322
Mad World; Tears For Fears; 43048142; 533388; 951029; 0.01239050; 0.02209222
Should I Stay or Should I Go - Remastered; The Clash; 149923142; 1710573; 749819; 0.01140967; 0.00500136
Rock the Casbah - Remastered; The Clash; 3613116; 663748; 689350; 0.18370515; 0.19079100
Pour Some Sugar On Me - Remastered 2017; Def Leppard; 180462784; 286522; 558090; 0.00158771; 0.00309255
Photograph; Def Leppard; 15639361; 226387; 426178; 0.01447546; 0.02725035
Animal; Def Leppard; 27860824; 78434; 379283; 0.00281521; 0.01361349
Jump - 2015 Remaster; Van Halen; 312838102; 30740; 870059; 0.00009826; 0.00278118
Panama - 2015 Remaster; Van Halen; 59819477; 482131; 451134; 0.00805977; 0.00754159
Hot for Teacher - 2015 Remaster; Van Halen; 42632227; 126492; 314881; 0.00296705; 0.00738599
Walk This Way (feat. Aerosmith); Run–D.M.C.; 144720997; 95; 201072; 0.00000066; 0.00138938
Dude (Looks Like A Lady); Aerosmith; 66048669; 145270; 9920; 0.00219944; 0.00015019
Love In An Elevator - Single Version; Aerosmith; 51847802; 189331; 342156; 0.00365167; 0.00659924
Janie's Got A Gun; Aerosmith; 80227733; 119378; 516; 0.00148799; 0.00000643
Danger Zone - From Top Gun Original Soundtrack; Kenny Loggins; 145435913; 271019; 373854; 0.00186349; 0.00257058
Footloose; Kenny Loggins; 176458243; 347379; 772980; 0.00196862; 0.00438053
Ghostbusters; Ray Parker Jr.; 119068581; 635735; 628392; 0.00533923; 0.00527756
The Power Of Love; Huey Lewis & The News; 30652285; 283428; 9; 0.00924655; 0.00000029
I Want to Know What Love Is - 1999 Remaster; Foreigner; 586804822; 30740; 581091; 0.00005239; 0.00099026
Waiting for a Girl like You; Foreigner; 10335421; 102142; 652065; 0.00988271; 0.06309032
Any Way You Want It; Journey; 63150997; 156550; 899200; 0.00247898; 0.01423889
Separate Ways (Worlds Apart) [2023 Remaster]; Journey; 175020983; 154; 296202; 0.00000088; 0.00169238
Open Arms (2022 Remaster); Journey; 66641494; 599606; 432551; 0.00899749; 0.00649072
Here I Go Again - 1987 Version / 2018 Remaster; Whitesnake; 154010672; 169533; 594707; 0.00110079; 0.00386147
Is This Love - 2018 Remaster; Whitesnake; 277842508; 112403; 481121; 0.00040456; 0.00173163
Every Rose Has Its Thorn - 2003 Remaster; Poison; 114041889; 171876; 331141; 0.00150713; 0.00290368
Nothin' But A Good Time - Remastered 2006; Poison; 47398333; 45696; 15; 0.00096408; 0.00000032
Tainted Love; Soft Cell; 68448944; 704931; 1962294; 0.01029864; 0.02866800
Don't You (Forget About Me); Simple Minds; 424118290; 308798; 166; 0.00072809; 0.00000039
Alive And Kicking; Simple Minds; 129593532; 83600; 362675; 0.00064509; 0.00279856
Karma Chameleon - Remastered 2002; Culture Club; 907417532; 588868; 727176; 0.00064895; 0.00080137
I Ran (So Far Away); A Flock Of Seagulls; 2300; 201521; 388044; 87.61782609; 168.71478261
Blue Monday; New Order; 99000000; 293017; 1445161; 0.00295977; 0.01459759
Bizarre Love Triangle - 2024 Digital Master; New Order; 34826181; 10351; 844801; 0.00029722; 0.02425764
Just Can't Get Enough; Depeche Mode; 108842644; 121668; 234; 0.00111783; 0.00000215
People Are People; Depeche Mode; 44318863; 74721; 548430; 0.00168599; 0.01237464
Personal Jesus - Single Version; Depeche Mode; 44365; 326248; 1169705; 7.35372478; 26.36549081
Never Let Me Down Again; Depeche Mode; 129690185; 150143; 836392; 0.00115771; 0.00644915
Relax (Come Fighting); Frankie Goes To Hollywood; 31206246; 555634; 660477; 0.01780522; 0.02116490
The Power Of Love; Frankie Goes To Hollywood; 28017258; 120562; 356703; 0.00430313; 0.01273155
Come On Eileen; Dexys Midnight Runners; 41079753; 1423878; 1279360; 0.03466131; 0.03114332
It's a Sin - 2018 Remaster; Pet Shop Boys; 227607677; 155096; 359593; 0.00068142; 0.00157988
West End Girls - 2018 Remaster; Pet Shop Boys; 240564925; 220863; 537595; 0.00091810; 0.00223472
Always on My Mind; Pet Shop Boys; 11236034; 40018; 589670; 0.00356158; 0.05248026
Don't You Want Me - Purple Disco Machine Remix; The Human League; 748823; 317243; 104; 0.42365552; 0.00013888
Together In Electric Dreams - Remastered 2003 / From Electric Dreams Original Motion Picture Soundtrack; Phil Oakey; 39108821; 114745; 35744; 0.00293399; 0.00091396
Enola Gay - Remastered 2003; Orchestral Manoeuvres In The Dark; 87570165; 92170; 329623; 0.00105253; 0.00376410
If You Leave; Orchestral Manoeuvres In The Dark; 47176175; 48904; 212585; 0.00103662; 0.00450619
True - 2003 Remaster; Spandau Ballet; 337092512; 304642; 551525; 0.00090373; 0.00163612
Gold; Spandau Ballet; 45552856; 491788; 436482; 0.01079599; 0.00958188
Hungry Like the Wolf - 2009 Remaster; Duran Duran; 53542087; 163478; 596832; 0.00305326; 0.01114697
Rio - 2009 Remaster; Duran Duran; 15623797; 163690; 329130; 0.01047697; 0.02106594
The Reflex - Single Version 2010 Remaster; Duran Duran; 24304023; 113077; 324008; 0.00465260; 0.01333146
Save a Prayer - 2009 Remaster; Duran Duran; 145427614; 103898; 310133; 0.00071443; 0.00213256
A View to a Kill; Duran Duran; 15928528; 95058; 436192; 0.00596778; 0.02738433
We Built This City; Starship; 140438347; 315262; 850664; 0.00224484; 0.00605721
Nothing's Gonna Stop Us Now; Starship; 700018463; 452862; 152; 0.00064693; 0.00000022
Sara; Starship; 97888649; 68670; 160277; 0.00070151; 0.00163734
Out of Touch; Daryl Hall & John Oates; 42919103; 231347; 13; 0.00539030; 0.00000030
I Can't Go for That (No Can Do); Daryl Hall & John Oates; 122760731; 302744; 407175; 0.00246613; 0.00331682
Private Eyes; Daryl Hall & John Oates; 40029889; 119066; 6; 0.00297443; 0.00000015
The Tide Is High - Edit; Blondie; 20975989; 154126; 440098; 0.00734773; 0.02098104
Rapture; Blondie; 38770659; 407141; 466729; 0.01050127; 0.01203820
Love Shack; The B-52's; 94838901; 291866; 714248; 0.00307749; 0.00753117
Roam; The B-52's; 31177548; 67313; 1; 0.00215902; 0.00000003
Walk Like an Egyptian; The Bangles; 188548580; 391653; 795602; 0.00207720; 0.00421961
Manic Monday; The Bangles; 107161608; 373008; 505028; 0.00348080; 0.00471277
Eternal Flame; The Bangles; 201250208; 162455; 576207; 0.00080723; 0.00286314
Heaven Is a Place on Earth - Promo 7 Edit; Belinda Carlisle; 137187826; 331850; 849780; 0.00241895; 0.00619428
I Think We're Alone Now; Tiffany; 152092383; 281024; 137; 0.00184772; 0.00000090
Never Gonna Give You Up; Rick Astley; 1781948618; 3079994; 1431418; 0.00172844; 0.00080329
Together Forever; Rick Astley; 202027179; 58669; 268795; 0.00029040; 0.00133049
Straight Up; Paula Abdul; 71700530; 117027; 398782; 0.00163216; 0.00556177
Opposites Attract; Paula Abdul; 35852660; 55131; 140016; 0.00153771; 0.00390532
All Night Long (All Night) - Single Version; Lionel Richie; 205720288; 235297; 165714; 0.00114377; 0.00080553
Hello; Lionel Richie; 132843281; 1701931; 571262; 0.01281157; 0.00430027
Dancing On The Ceiling; Lionel Richie; 24577866; 20095; 319649; 0.00081761; 0.01300556
Say You, Say Me; Lionel Richie; 29006826; 82070; 347445; 0.00282933; 0.01197804
Upside Down; Diana Ross; 5300000; 267602; 827925; 0.05049094; 0.15621226
I'm Coming Out; Diana Ross; 17183811; 389049; 660664; 0.02264044; 0.03844688
Let's Groove; Earth, Wind & Fire; 372645859; 259385; 1; 0.00069606; 0.00000000
Celebration; Kool & The Gang; 388618249; 292068; 577067; 0.00075156; 0.00148492
Get Down On It; Kool & The Gang; 212643386; 108402; 622165; 0.00050978; 0.00292586
Fresh; Kool & The Gang; 288502698; 69690; 230764; 0.00024156; 0.00079987
Give It Up; KC & The Sunshine Band; 31000000; 69944; 55252; 0.00225626; 0.00178232
Super Freak; Rick James; 173438065; 192251; 1050017; 0.00110847; 0.00605413
It Takes Two; Rob Base & DJ EZ Rock; 94684033; 23887; 1; 0.00025228; 0.00000001
Push It; Salt-N-Pepa; 215109465; 269916; 490791; 0.00125478; 0.00228159
Fight For Your Right; Beastie Boys; 84273133; 203258; 827795; 0.00241190; 0.00982276
No Sleep Till Brooklyn; Beastie Boys; 64924307; 208064; 769228; 0.00320472; 0.01184807
It's Tricky; Run–D.M.C.; 106412567; 55193; 1; 0.00051867; 0.00000001
Straight Outta Compton; N.W.A.; 206174689; 1830882; 278921; 0.00888025; 0.00135284
Express Yourself - Remix; N.W.A.; 49626832; 433237; 183340; 0.00872989; 0.00369437
The Message - Extended Version; Grandmaster Flash & The Furious Five; 36000000; 913255; 89827; 0.02536819; 0.00249519
White Lines (Don't Do It); Grandmaster Flash; 5175797; 1986; 47530; 0.00038371; 0.00918313
Bust A Move; Young MC; 6622322; 215478; 72338; 0.03253813; 0.01092336
Wild Thing; Tone-Loc; 33019067; 100921; 24405; 0.00305645; 0.00073912
Me Myself and I; De La Soul; 5033516; 159608; 324823; 0.03170905; 0.06453203
Fight The Power; Public Enemy; 15461018; 662903; 416438; 0.04287577; 0.02693471
Bette Davis Eyes; Kim Carnes; 332854845; 302906; 850836; 0.00091002; 0.00255618
Total Eclipse of the Heart; Bonnie Tyler; 1343836559; 4393622; 1349528; 0.00326946; 0.00100424
Holding Out for a Hero - From Footloose Soundtrack; Bonnie Tyler; 304730354; 533116; 400987; 0.00174947; 0.00131587
I Love Rock 'N Roll; Joan Jett & the Blackhearts; 40123354; 215430; 29990; 0.00536919; 0.00074744
Bad Reputation; Joan Jett & the Blackhearts; 5306546; 691; 1; 0.00013022; 0.00000019
Centerfold; The J. Geils Band; 41798250; 277191; 481410; 0.00663164; 0.01151747
You Can Call Me Al; Paul Simon; 148969976; 492354; 1044801; 0.00330506; 0.00701350
Sledgehammer; Peter Gabriel; 91732395; 260590; 494170; 0.00284076; 0.00538708
In Your Eyes; Peter Gabriel; 26411968; 199951; 303561; 0.00757047; 0.01149331
Running Up That Hill (A Deal With God); Kate Bush; 410549061; 4174787; 1923214; 0.01016879; 0.00468449
Babooshka - 2018 Remaster; Kate Bush; 54661788; 270720; 582983; 0.00495264; 0.01066527
Under the Milky Way; The Church; 26855288; 308926; 458035; 0.01150336; 0.01705567
Down Under; Men At Work; 509826927; 1212824; 1584885; 0.00237889; 0.00310867
Who Can It Be Now?; Men At Work; 259428020; 140179; 59108; 0.00054034; 0.00022784
Need You Tonight; INXS; 71788403; 102358; 945208; 0.00142583; 0.01316658
New Sensation; INXS; 31053713; 88835; 448543; 0.00286069; 0.01444410
Never Tear Us Apart; INXS; 167464440; 185345; 891228; 0.00110677; 0.00532189
What You Need; INXS; 9071404; 16406; 159069; 0.00180854; 0.01753521
Free Fallin'; Tom Petty; 140930295; 1808480; 934793; 0.01283244; 0.00663302
I Won't Back Down; Tom Petty; 64020721; 353573; 34; 0.00552279; 0.00000053
Runnin' Down A Dream; Tom Petty; 37777156; 484405; 17; 0.01282270; 0.00000045
You Got It; Roy Orbison; 18333965; 173995; 437136; 0.00949031; 0.02384296
Got My Mind Set on You; George Harrison; 79068055; 80846; 685492; 0.00102249; 0.00866965
The Boys Of Summer - Remastered 2024; Don Henley; 77396103; 1372851; 733141; 0.01773799; 0.00947258
Dirty Laundry; Don Henley; 31000000; 417544; 209226; 0.01346916; 0.00674923
Jack & Diane; John Mellencamp; 44997402; 1023694; 429521; 0.02275007; 0.00954546
Hurts So Good; John Mellencamp; 44861945; 104157; 320147; 0.00232172; 0.00713627
Pink Houses; John Mellencamp; 32226607; 232750; 211720; 0.00722229; 0.00656973
Addicted To Love; Robert Palmer; 152138592; 50573; 395389; 0.00033241; 0.00259887
Simply Irresistible; Robert Palmer; 49077000; 19432; 150949; 0.00039595; 0.00307576
Let's Hear It for the Boy - From Footloose Original Soundtrack; Deniece Williams; 67538944; 91307; 39; 0.00135192; 0.00000058
Holding Back the Years - 2008 Remaster; Simply Red; 266437578; 363286; 270144; 0.00136349; 0.00101391
If You Don't Know Me by Now - 2008 Remaster; Simply Red; 172885618; 68171; 119; 0.00039431; 0.00000069
Red Red Wine; UB40; 246828289; 371803; 739898; 0.00150632; 0.00299762
Here I Am (Come And Take Me); UB40; 95869724; 25854; 6484; 0.00026968; 0.00006763
Do They Know It's Christmas? - 1984 Version; Band Aid; 95656941; 810732; 367; 0.00847541; 0.00000384
We Are The World; U.S.A. For Africa; 214263931; 986482; 54339; 0.00460405; 0.00025361
99 Luftballons; Nena; 70222464; 1972166; 1014062; 0.02808455; 0.01444071
Der Kommissar; Falco; 65953761; 110672; 229793; 0.00167802; 0.00348415
Rock Me Amadeus; Falco; 93506438; 124420; 470863; 0.00133060; 0.00503562
Major Tom (Coming Home); Peter Schilling; 105642773; 488874; 138117; 0.00462761; 0.00130740
The Safety Dance; Men Without Hats; 22544110; 322085; 498072; 0.01428688; 0.02209322
Somebody's Watching Me; Rockwell; 288370233; 741097; 204; 0.00256995; 0.00000071
Break My Stride; Matthew Wilder; 58000000; 860692; 691126; 0.01483952; 0.01191597
You Spin Me Round (Like a Record); Dead Or Alive; 341979038; 360784; 49556; 0.00105499; 0.00014491
Never Ending Story; Limahl; 56462491; 386385; 310129; 0.00684322; 0.00549266
Tarzan Boy; Baltimora; 33814821; 81688; 378712; 0.00241575; 0.01119959
Maria Magdalena; Sandra; 9147688; 49217; 154490; 0.00538027; 0.01688842
You're My Heart, You're My Soul; Modern Talking; 866262442; 112656; 34; 0.00013005; 0.00000004
Brother Louie; Modern Talking; 478368992; 307442; 532579; 0.00064269; 0.00111332
Cheri Cheri Lady; Modern Talking; 939036677; 400711; 869868; 0.00042673; 0.00092634
Touch Me (I Want Your Body); Samantha Fox; 72203777; 27287; 25791; 0.00037792; 0.00035720
I Should Be so Lucky; Kylie Minogue; 14600464; 52769; 208984; 0.00361420; 0.01431352
Better The Devil You Know; Loco - Motion; 9626813; 298; 6; 0.00003096; 0.00000062
Whenever You Need Somebody; Rick Astley; 20319203; 9090; 71091; 0.00044736; 0.00349871
Venus; Bananarama; 48878222; 97938; 578052; 0.00200371; 0.01182637
Cruel Summer; Bananarama; 84731114; 126248; 497328; 0.00148998; 0.00586948
Kids In America; Kim Wilde; 15000000; 273352; 699695; 0.01822347; 0.04664633
You Keep Me Hangin On; Kim Wilde; 86000000; 38960; 168108; 0.00045302; 0.00195474
Cambodia - Single Version; Kim Wilde; 48861226; 51255; 160262; 0.00104899; 0.00327994
Owner of a Lonely Heart; Yes; 69019918; 106730; 1032988; 0.00154637; 0.01496652
Heat Of The Moment; Asia; 19175060; 102314; 620927; 0.00533579; 0.03238201
The Final Countdown; Europe; 1425187117; 523018; 1387484; 0.00036698; 0.00097355
Carrie; Europe; 293207891; 48885; 376709; 0.00016672; 0.00128478
Sister Christian; Night Ranger; 42302601; 182419; 320783; 0.00431224; 0.00758306
Keep on Loving You; REO Speedwagon; 90230530; 211350; 608321; 0.00234233; 0.00674185
Can't Fight This Feeling; REO Speedwagon; 267554974; 175934; 127; 0.00065756; 0.00000047
Faithfully (2023 Remaster); Journey; 349546714; 1098344; 461039; 0.00314220; 0.00131896
We Belong; Pat Benatar; 81152986; 145047; 342445; 0.00178733; 0.00421975
Hit Me With Your Best Shot; Pat Benatar; 11205591; 89659; 607480; 0.00800127; 0.05421222
Love Is A Battlefield; Pat Benatar; 136587403; 115561; 594878; 0.00084606; 0.00435529
Shadows Of The Night; Pat Benatar; 11554414; 14335; 131738; 0.00124065; 0.01140153
Alone; Heart; 504949742; 392298; 643550; 0.00077691; 0.00127448
These Dreams; Heart; 111493754; 82527; 227992; 0.00074019; 0.00204489
I'm So Excited; The Pointer Sisters; 61157317; 221126; 692085; 0.00361569; 0.01131647
Jump (For My Love) - Single Remix; The Pointer Sisters; 42534403; 30755; 11765; 0.00072306; 0.00027660
Automatic; The Pointer Sisters; 7600000; 53245; 142783; 0.00700592; 0.01878724
Flashdance...What a Feeling - Radio Edit; Irene Cara; 159891730; 109421; 14; 0.00068434; 0.00000009
Fame; Irene Cara; 14169984; 213068; 283019; 0.01503657; 0.01997313
Don't Give Up; Peter Gabriel & Kate Bush; 66270669; 137347; 25112; 0.00207252; 0.00037893
Sunglasses At Night; Corey Hart; 56250251; 530810; 467201; 0.00943658; 0.00830576
Everybody Hurts; R.E.M.; 186516465; 267976; 1105517; 0.00143674; 0.00592718
Man On The Moon; R.E.M.; 50270549; 41216; 840147; 0.00081988; 0.01671251
Karma Police; Radiohead; 136794836; 2375344; 3322184; 0.01736428; 0.02428589
Paranoid Android; Radiohead; 136866017; 906373; 2481605; 0.00662234; 0.01813164
Give It Away; Red Hot Chili Peppers; 104833618; 328400; 1440965; 0.00313258; 0.01374526
Scar Tissue; Red Hot Chili Peppers; 621347998; 936849; 2856737; 0.00150777; 0.00459764
Californication; Red Hot Chili Peppers; 1384586955; 2183636; 3079750; 0.00157710; 0.00222431
Basket Case; Green Day; 416028074; 841718; 2594928; 0.00202322; 0.00623739
When I Come Around; Green Day; 157250730; 309970; 1803430; 0.00197118; 0.01146850
Good Riddance (Time of Your Life); Green Day; 122369503; 8753; 1530635; 0.00007153; 0.01250830
Self Esteem; The Offspring; 123734331; 464051; 1439361; 0.00375038; 0.01163267
The Kids Aren't Alright; The Offspring; 458477190; 275825; 200; 0.00060161; 0.00000044
Pretty Fly (For A White Guy); The Offspring; 125576784; 968641; 159764; 0.00771354; 0.00127224
All The Small Things; blink-182; 427456042; 1915874; 2315175; 0.00448204; 0.00541617
What's My Age Again?; blink-182; 149263056; 746245; 60; 0.00499953; 0.00000040
Don't Look Back In Anger - Remastered; Oasis; 204739180; 4050822; 1109; 0.01978528; 0.00000542
Champagne Supernova - Remastered; Oasis; 168566881; 936670; 1279124; 0.00555667; 0.00758823
Bitter Sweet Symphony - Remastered 2016; The Verve; 1293091241; 725076; 1462354; 0.00056073; 0.00113090
Song 2 - 2012 Remaster; Blur; 238238284; 533622; 2003455; 0.00223987; 0.00840946
Girls & Boys; Blur; 69238006; 461406; 22; 0.00666406; 0.00000032
Parklife - 2012 Remaster; Blur; 21233275; 281341; 769871; 0.01325001; 0.03625776
Common People - Full Length Version; Pulp; 62536712; 5230; 613826; 0.00008363; 0.00981545
Zombie - 2025 Remastered; The Cranberries; 1840775379; 4873469; 2540372; 0.00264751; 0.00138006
Linger; The Cranberries; 592897264; 879620; 2477223; 0.00148360; 0.00417817
Dreams; The Cranberries; 335728978; 779557; 1682013; 0.00232198; 0.00501003
Don't Speak; No Doubt; 1272653517; 518947; 1979280; 0.00040777; 0.00155524
Just A Girl; No Doubt; 115477204; 540112; 1504189; 0.00467722; 0.01302585
Spiderwebs; No Doubt; 32557766; 134927; 686907; 0.00414423; 0.02109810
You Oughta Know - 2015 Remaster; Alanis Morissette; 98386120; 559982; 783586; 0.00569168; 0.00796440
Ironic - 2015 Remaster; Alanis Morissette; 307092931; 1672161; 945461; 0.00544513; 0.00307875
Hand in My Pocket - 2015 Remaster; Alanis Morissette; 51552245; 1275498; 584289; 0.02474185; 0.01133392
Torn; Natalie Imbruglia; 18000000; 871144; 1556793; 0.04839689; 0.08648850
What's Up?; 4 Non Blondes; 2180795647; 6383356; 291778; 0.00292708; 0.00013379
Two Princes; Spin Doctors; 13000000; 202198; 1135782; 0.01555369; 0.08736785
Runaway Train (2022 Remaster); Soul Asylum; 254663056; 429534; 565774; 0.00168668; 0.00222166
Mr. Jones; Counting Crows; 397010863; 709171; 1303077; 0.00178628; 0.00328222
Iris; The Goo Goo Dolls; 764094146; 2357087; 1098314; 0.00308481; 0.00143741
Slide; The Goo Goo Dolls; 60997608; 92362; 478682; 0.00151419; 0.00784755
Fly Away; Lenny Kravitz; 148308120; 133199; 1195146; 0.00089812; 0.00805853
Are You Gonna Go My Way; Lenny Kravitz; 84281295; 153884; 955399; 0.00182584; 0.01133584
All Star; Smash Mouth; 558528176; 3829769; 1629499; 0.00685689; 0.00291749
Walkin' On The Sun; Smash Mouth; 92985825; 170533; 36; 0.00183397; 0.00000039
Steal My Sunshine; LEN; 14715909; 329012; 418155; 0.02235757; 0.02841517
Tubthumping - Radio Edit; Chumbawamba; 120360739; 599926; 879037; 0.00498440; 0.00730335
Breakfast At Tiffany's; Deep Blue Something; 75630080; 320240; 106; 0.00423429; 0.00000140
One Week; Barenaked Ladies; 44681053; 575937; 757297; 0.01288996; 0.01694895
Closing Time; Semisonic; 140006994; 283721; 1005217; 0.00202648; 0.00717976
(You Drive Me) Crazy; Britney Spears; 250444899; 80659; 27114; 0.00032206; 0.00010826
Sometimes; Britney Spears; 425224831; 242161; 499451; 0.00056949; 0.00117456
Wannabe; Spice Girls; 716099388; 1721093; 1645005; 0.00240343; 0.00229717
Spice Up Your Life; Spice Girls; 44145955; 121159; 580500; 0.00274451; 0.01314956
Say You'll Be There; Spice Girls; 97225001; 114908; 432362; 0.00118188; 0.00444702
Stop; Spice Girls; 66025150; 96443; 466275; 0.00146070; 0.00706208
2 Become 1; Spice Girls; 85998355; 101457; 396651; 0.00117976; 0.00461231
I Want It That Way; Backstreet Boys; 1757465308; 5398144; 1733120; 0.00307155; 0.00098615
Everybody (Backstreet's Back) - Radio Edit; Backstreet Boys; 654097824; 648528; 78825; 0.00099148; 0.00012051
As Long as You Love Me; Backstreet Boys; 721800855; 381366; 683557; 0.00052835; 0.00094702
Quit Playing Games (With My Heart); Backstreet Boys; 280429989; 189861; 19321; 0.00067704; 0.00006890
Larger Than Life; Backstreet Boys; 6410347; 80939; 471043; 0.01262631; 0.07348167
Tearin' up My Heart - Radio Edit; *NSYNC; 152643274; 175234; 4; 0.00114800; 0.00000003
I Want You Back - Radio Edit; *NSYNC; 6490298; 51631; 62140; 0.00795510; 0.00957429
MMMBop; Hanson; 181432392; 446365; 540100; 0.00246023; 0.00297687
Barbie Girl; Aqua; 1712763682; 1726170; 1170417; 0.00100783; 0.00068335
Doctor Jones; Aqua; 78150402; 126755; 257270; 0.00162194; 0.00329199
Blue (Da Ba Dee) - Gabry Ponte Ice Pop Radio; Eiffel 65; 364988612; 1388068; 63766; 0.00380304; 0.00017471
Rhythm Is a Dancer; SNAP!; 286311510; 29032; 56188; 0.00010140; 0.00019625
The Power (7 Version); SNAP!; 99467362; 67688; 34591; 0.00068050; 0.00034776
What Is Love - 7 Mix; Haddaway; 467486539; 12511; 684270; 0.00002676; 0.00146372
Mr. Vain - Original Radio Edit; Culture Beat; 82102353; 73456; 82; 0.00089469; 0.00000100
Be My Lover; La Bouche; 337383569; 15434; 807333; 0.00004575; 0.00239292
Sweet Dreams; La Bouche; 77908145; 29697; 203386; 0.00038118; 0.00261059
Cotton Eye Joe; Rednex; 316778269; 529545; 574143; 0.00167166; 0.00181244
Mambo No. 5 (a Little Bit of...); Lou Bega; 611478520; 688372; 18; 0.00112575; 0.00000003
Macarena; Los Del Rio; 447000000; 394102; 447017; 0.00088166; 0.00100004
Bailando; Paradisio; 83675275; 75696; 300657; 0.00090464; 0.00359314
Boom, Boom, Boom, Boom!!; Vengaboys; 250192855; 365299; 95; 0.00146007; 0.00000038
We Like To Party! (The Vengabus); Vengaboys; 281220776; 18254; 59531; 0.00006491; 0.00021169
Freed From Desire; Gala; 452189448; 431048; 466005; 0.00095325; 0.00103055
Show Me Love; Robin S; 117476152; 283241; 499832; 0.00241105; 0.00425475
Finally - 7 Mix Without Rap; CeCe Peniston; 58890549; 244766; 83167; 0.00415629; 0.00141223
Gypsy Woman (She's Homeless) (La Da Dee La Da Da) - Basement Boy Strip To The Bone Mix; Crystal Waters; 168393143; 164; 63668; 0.00000097; 0.00037809
Gonna Make You Sweat (Everybody Dance Now) (feat. Freedom Williams); C & C Music Factory; 169535762; 84924; 325; 0.00050092; 0.00000192
No Limit; 2 Unlimited; 6648571; 40075; 300761; 0.00602761; 0.04523694
Get Ready For This - Rio & Le Jean Remix '92; 2 Unlimited; 24748; 29184; 100421; 1.17924681; 4.05774204
Believe; Cher; 461808514; 1018738; 1154154; 0.00220597; 0.00249920
Vogue; Madonna; 178482889; 303540; 1033273; 0.00170067; 0.00578920
Ray of Light; Madonna; 43676481; 96349; 600335; 0.00220597; 0.01374504
Frozen; Madonna; 302992185; 300755; 863745; 0.00099262; 0.00285072
Black or White; Michael Jackson; 559185769; 903154; 1225037; 0.00161512; 0.00219075
Remember the Time; Michael Jackson; 682938322; 486719; 1348380; 0.00071268; 0.00197438
They Don't Care About Us; Michael Jackson; 1358703556; 1499536; 1116625; 0.00110365; 0.00082183
Earth Song; Michael Jackson; 547605032; 552280; 728017; 0.00100854; 0.00132946
Scream; Michael Jackson; 189873753; 221052; 392812; 0.00116421; 0.00206881
Together Again; Janet Jackson; 30718605; 116878; 409051; 0.00380480; 0.01331607
That's The Way Love Goes; Janet Jackson; 34275774; 122500; 21; 0.00357395; 0.00000061
Fantasy; Mariah Carey; 154158315; 596503; 959292; 0.00386942; 0.00622277
Always Be My Baby; Mariah Carey; 451529356; 336417; 677731; 0.00074506; 0.00150097
Hero; Mariah Carey; 446546844; 600380; 508807; 0.00134450; 0.00113943
Vision of Love; Mariah Carey; 49627622; 77400; 253289; 0.00155962; 0.00510379
Without You; Mariah Carey; 571167272; 477657; 502747; 0.00083628; 0.00088021
I Have Nothing; Whitney Houston; 1022767736; 2728517; 735348; 0.00266778; 0.00071898
I'm Every Woman; Whitney Houston; 107078372; 215819; 51; 0.00201552; 0.00000048
My Heart Will Go On - Love Theme from Titanic; Céline Dion; 68995514; 1763072; 254988; 0.02555343; 0.00369572
Because You Loved Me (Theme from Up Close and Personal); Céline Dion; 35000000; 99931; 179590; 0.00285517; 0.00513114
It's All Coming Back to Me Now; Céline Dion; 72298159; 316163; 439599; 0.00437304; 0.00608036
Unpretty; TLC; 5300000; 374870; 288608; 0.07073019; 0.05445434
Say My Name; Destiny's Child; 468932040; 726314; 1551971; 0.00154887; 0.00330959
Bills, Bills, Bills; Destiny's Child; 31000000; 273346; 51; 0.00881761; 0.00000165
The Boy Is Mine; Brandy; 217728541; 328599; 700805; 0.00150921; 0.00321871
Return of the Mack; Mark Morrison; 324999660; 988042; 779892; 0.00304013; 0.00239967
This Is How We Do It; Montell Jordan; 212481022; 445106; 609605; 0.00209480; 0.00286899
Pony; Ginuwine; 225750111; 538200; 903251; 0.00238405; 0.00400111
Too Close; Next; 139605551; 322966; 270764; 0.00231342; 0.00193949
I Believe I Can Fly; R. Kelly; 14000000; 305881; 360788; 0.02184864; 0.02577057
My Name Is; Eminem; 287739646; 2603142; 1323729; 0.00904687; 0.00460044
Juicy - 2005 Remaster; The Notorious B.I.G.; 733349390; 4604061; 556099; 0.00627813; 0.00075830
Hypnotize - 2014 Remaster; The Notorious B.I.G.; 113396047; 1856158; 389062; 0.01636881; 0.00343100
Big Poppa - 2005 Remaster; The Notorious B.I.G.; 587322102; 2329440; 410888; 0.00396621; 0.00069960
Mo Money Mo Problems (feat. Puff Daddy & Mase) - 2014 Remaster; The Notorious B.I.G.; 6502; 1027690; 122139; 158.05752076; 18.78483544
Changes; 2Pac; 480657048; 2486909; 789800; 0.00517398; 0.00164317
Dear Mama; 2Pac; 506226339; 2210604; 752702; 0.00436683; 0.00148689
Hit 'Em Up - Single Version; 2Pac; 868514105; 5513738; 10; 0.00634847; 0.00000001
Gangsta's Paradise; Coolio; 2023177315; 3002064; 1719731; 0.00148384; 0.00085001
Fantastic Voyage; Coolio; 4560673; 45087; 139388; 0.00988604; 0.03056303
C.R.E.A.M. (Cash Rules Everything Around Me); Wu-Tang Clan; 253771050; 32208; 117; 0.00012692; 0.00000046
Protect Ya Neck; Wu-Tang Clan; 34492770; 1139769; 667637; 0.03304371; 0.01935585
It Was A Good Day; Ice Cube; 381940813; 2005104; 2087177; 0.00524978; 0.00546466
Regulate; Warren G; 431639318; 1285684; 829105; 0.00297861; 0.00192083
Gin and Juice; Snoop Dogg; 85530931; 1313309; 804339; 0.01535478; 0.00940407
Who Am I (What’s My Name)?; Snoop Dogg; 77627780; 344427; 10096; 0.00443690; 0.00013006
Doo Wop (That Thing); Ms. Lauryn Hill; 236241983; 1175188; 997650; 0.00497451; 0.00422300
Killing Me Softly With His Song; Fugees; 805619452; 1727142; 1235093; 0.00214387; 0.00153310
Ready or Not; Fugees; 303370562; 884895; 870462; 0.00291688; 0.00286930
Insane in the Brain; Cypress Hill; 245272621; 619725; 996477; 0.00252668; 0.00406273
Jump Around - 30 Years Remaster; House Of Pain; 143920473; 11937; 904448; 0.00008294; 0.00628436
Can I Kick It?; A Tribe Called Quest; 15604795; 483511; 72047; 0.03098477; 0.00461698
Scenario (feat. Busta Rhymes, Dinco D & Charlie Brown) - LP Mix; A Tribe Called Quest; 27845601; 566354; 285756; 0.02033908; 0.01026216
U Can't Touch This; MC Hammer; 967694116; 420158; 960288; 0.00043418; 0.00099235
Shoop; Salt-N-Pepa; 151475192; 431868; 379450; 0.00285108; 0.00250503
Whatta Man; Salt-N-Pepa; 14927143; 192710; 266066; 0.01291004; 0.01782431
Let's Talk About Sex; Salt-N-Pepa; 30394081; 226377; 14; 0.00744806; 0.00000046
I Got 5 On It; Luniz; 60504503; 1223403; 653789; 0.02022003; 0.01080563
Scatman (Ski-Ba-Bop-Ba-Dop-Bop); Scatman John; 289832255; 271939; 79216; 0.00093826; 0.00027332
Ex-Factor; Ms. Lauryn Hill; 196595903; 790198; 5; 0.00401940; 0.00000003
California Love (feat. Dr. Dre); 2Pac; 115819657; 2267567; 279030; 0.01957843; 0.00240918
Nuthin' But A 'G' Thang; Dr. Dre; 65899959; 1559260; 1; 0.02366102; 0.00000002
Still D.R.E. (feat. Snoop Dogg); Dr. Dre; 1715707189; 21931; 54457; 0.00001278; 0.00003174
Forgot About Dre (feat. Eminem); Dr. Dre; 287238269; 3316439; 1051194; 0.01154595; 0.00365966
No Diggity; Blackstreet; 445832211; 1904258; 1048717; 0.00427124; 0.00235227
Un-Break my Heart; Toni Braxton; 887116801; 242051; 6213; 0.00027285; 0.00000700
Ruff Ryders' Anthem; DMX; 264708803; 485741; 10; 0.00183500; 0.00000004
Party Up (Up In Here); DMX; 202352996; 762223; 509365; 0.00376680; 0.00251721
Hard Knock Life (Ghetto Anthem); JAŸ-Z; 5515621; 576249; 1; 0.10447582; 0.00000018
Smooth (feat. Rob Thomas); Santana; 442802016; 288743; 347947; 0.00065208; 0.00078578
Maria Maria (feat. The Product G&B); Santana; 683813405; 1145041; 173112; 0.00167449; 0.00025316
Livin' la Vida Loca; Ricky Martin; 43617617; 528758; 57; 0.01212258; 0.00000131
The Cup of Life (The Official Song of the World Cup, France '98) - Remix - English Radio Edit; Ricky Martin; 50497347; 10962; 19265; 0.00021708; 0.00038151
Waiting for Tonight; Jennifer Lopez; 118474019; 124843; 488996; 0.00105376; 0.00412745
If You Had My Love; Jennifer Lopez; 213522299; 134432; 526180; 0.00062959; 0.00246429
What a Girl Wants; Christina Aguilera; 8300000; 41780; 453996; 0.00503373; 0.05469831
Livin' On The Edge; Aerosmith; 85664743; 58109; 260; 0.00067833; 0.00000304
Crazy; Aerosmith; 742890169; 128656; 1043436; 0.00017318; 0.00140456
Cryin'; Aerosmith; 373356680; 475766; 40395; 0.00127429; 0.00010819
I Don't Want To Miss A Thing - From Armageddon Soundtrack; Aerosmith; 758968014; 852043; 348; 0.00112263; 0.00000046
November Rain; Guns N' Roses; 2444017909; 863766; 1724805; 0.00035342; 0.00070573
Don't Cry (Original); Guns N' Roses; 897918187; 707289; 236; 0.00078770; 0.00000026
You Could Be Mine; Guns N' Roses; 13427510; 194593; 756565; 0.01449211; 0.05634440
Wind Of Change; Scorpions; 1221686888; 1504705; 1259990; 0.00123166; 0.00103135
Send Me An Angel; Scorpions; 468954348; 93221; 593549; 0.00019878; 0.00126569
Nothing Compares 2 U; Sinéad O'Connor; 566181886; 292126; 728257; 0.00051596; 0.00128626
Kiss from a Rose; Seal; 22210313; 3053823; 1070683; 0.13749572; 0.04820657
Crazy; Seal; 91267094; 136907; 411719; 0.00150007; 0.00451114
It Must Have Been Love - From the Film Pretty Woman; Roxette; 983196613; 155849; 453818; 0.00015851; 0.00046157
Joyride; Roxette; 71314790; 42321; 256035; 0.00059344; 0.00359021
Listen To Your Heart; Roxette; 488223008; 303274; 703579; 0.00062118; 0.00144110
The Sign; Ace of Base; 158584722; 204145; 698547; 0.00128729; 0.00440488
All That She Wants; Ace of Base; 277486180; 186812; 1060971; 0.00067323; 0.00382351
Beautiful Life; Ace of Base; 178001612; 79664; 314254; 0.00044755; 0.00176546
Lovefool; The Cardigans; 148559020; 857829; 2268797; 0.00577433; 0.01527202
Save Tonight; Eagle-Eye Cherry; 161355783; 252167; 957099; 0.00156280; 0.00593161
Bitch; Meredith Brooks; 57373253; 700749; 606174; 0.01221386; 0.01056545
Give Me One Reason; Tracy Chapman; 64391041; 174431; 445739; 0.00270893; 0.00692238
(Everything I Do) I Do It For You; Bryan Adams; 1020296069; 357478; 13386; 0.00035037; 0.00001312
Please Forgive Me (Classic Version); Bryan Adams; 1057624301; 224393; 322890; 0.00021217; 0.00030530
Tears in Heaven; Eric Clapton; 125720541; 1263246; 1094729; 0.01004805; 0.00870764
Change the World; Eric Clapton; 31453524; 195508; 433410; 0.00621577; 0.01377938
Fields Of Gold; Sting; 163323257; 232482; 816220; 0.00142345; 0.00499757
Shape Of My Heart; Sting; 339771220; 667542; 828515; 0.00196468; 0.00243845
Friday I'm In Love; The Cure; 156258649; 544972; 654; 0.00348763; 0.00000419
Enjoy the Silence; Depeche Mode; 546162106; 571238; 2131131; 0.00104591; 0.00390201
Black Velvet; Alannah Myles; 180037759; 430920; 557266; 0.00239350; 0.00309527
Walking in Memphis; Marc Cohn; 59047947; 203253; 336458; 0.00344217; 0.00569805
Right Here Right Now; Jesus Jones; 4972910; 21224; 101780; 0.00426792; 0.02046689
I'm Too Sexy; Right Said Fred; 39039405; 705096; 56; 0.01806114; 0.00000143
Informer; Snow; 67075552; 1434659; 335264; 0.02138870; 0.00499830
Sweat (A La La La La Long); Inner Circle; 173072357; 208549; 102730; 0.00120498; 0.00059357
Boombastic; Shaggy; 220053933; 565812; 552271; 0.00257124; 0.00250971
Here Comes the Hotstepper - Heartical Mix; iNi Kamoze; 96604570; 271637; 259705; 0.00281184; 0.00268833
I Like to Move It (feat. The Mad Stuntman) - Erick More Album Mix; Reel 2 Real; 39448786; 56773; 91088; 0.00143916; 0.00230902
Mysterious Girl - Radio Edit; Peter Andre; 125018901; 343374; 68863; 0.00274658; 0.00055082
You're Still The One; Shania Twain; 373149693; 754228; 724437; 0.00202125; 0.00194141
That Don't Impress Me Much - International Mix; Shania Twain; 140734545; 182735; 428150; 0.00129844; 0.00304225
Man! I Feel Like A Woman!; Shania Twain; 537484197; 653185; 23; 0.00121526; 0.00000004
Achy Breaky Heart; Billy Ray Cyrus; 162103636; 183678; 286196; 0.00113309; 0.00176551
Friends In Low Places - Live; Garth Brooks; 5292164; 236282; 173458; 0.04464752; 0.03277638
The Dance - Live; Garth Brooks; 7682567; 136661; 126039; 0.01778846; 0.01640584
Praise You; Fatboy Slim; 34135156; 23735; 961126; 0.00069532; 0.02815648
The Rockafeller Skank; Fatboy Slim; 44788057; 85799; 778908; 0.00191567; 0.01739098
Hey Boy Hey Girl - ARTBAT Remix; The Chemical Brothers; 80408; 49747; 783732; 0.61868222; 9.74694060
Firestarter; The Prodigy; 203610271; 298334; 902011; 0.00146522; 0.00443009
Breathe; The Prodigy; 68401847; 135797; 988183; 0.00198528; 0.01444673
Smack My Bitch Up; The Prodigy; 13690676; 118827; 959756; 0.00867941; 0.07010289
Born Slippy (Nuxx); Underworld; 29836968; 270148; 318440; 0.00905414; 0.01067267
Insomnia - Radio Edit; Faithless; 193761167; 233020; 554919; 0.00120261; 0.00286393
Children; Robert Miles; 398024566; 29933; 621795; 0.00007520; 0.00156220
Sandstorm; Darude; 318626289; 465070; 906644; 0.00145961; 0.00284548
Better Off Alone; Alice Deejay; 422864092; 136104; 976427; 0.00032186; 0.00230908
9Pm (Till I Come); ATB; 24550867; 34290; 7702; 0.00139669; 0.00031372
Sing Hallelujah!; Dr. Alban; 12640790; 8760; 29048; 0.00069299; 0.00229796
It's My Life; Dr. Alban; 84942972; 141816; 136; 0.00166954; 0.00000160
Coco Jamboo; Mr. President; 390018538; 67214; 309884; 0.00017234; 0.00079454
Good Vibrations; Marky Mark And The Funky Bunch; 26422196; 204587; 159508; 0.00774300; 0.00603689
Keep On Movin'; Five; 23173548; 34471; 3734; 0.00148751; 0.00016113
Everybody Get Up - Radio Edit; Five; 33900264; 46492; 43072; 0.00137143; 0.00127055
Ghetto Supastar (That Is What You Are); Pras Michel; 69235648; 164417; 8007; 0.00237474; 0.00011565
I'll Be Missing You (feat. Faith Evans, 112); Diddy; 137152155; 1017126; 1; 0.00741604; 0.00000001
Gettin' Jiggy Wit It; Will Smith; 133311078; 220370; 24; 0.00165305; 0.00000018
Men In Black - From Men In Black Soundtrack; Will Smith; 173319865; 105841; 304335; 0.00061067; 0.00175592
Miami; Will Smith; 89954403; 243952; 716981; 0.00271195; 0.00797049
Summertime; DJ Jazzy Jeff & The Fresh Prince; 77569805; 286904; 2; 0.00369866; 0.00000003
Baby Got Back; Sir Mix-A-Lot; 104363279; 1871680; 705550; 0.01793428; 0.00676052
Whoomp! There It Is - Radio Edit; Tag Team; 22224574; 378015; 2; 0.01700887; 0.00000009
Thong Song; Sisqo; 195322715; 116458; 120761; 0.00059623; 0.00061826
Bailamos - From Wild Wild West; Enrique Iglesias; 192385071; 83234; 203838; 0.00043264; 0.00105953
Truly Madly Deeply; Savage Garden; 574632202; 289385; 670232; 0.00050360; 0.00116637
To the Moon & Back; Savage Garden; 235764253; 223480; 5; 0.00094790; 0.00000002
As I Lay Me Down; Sophie B. Hawkins; 16698250; 34968; 110994; 0.00209411; 0.00664704
If It Makes You Happy; Sheryl Crow; 80931946; 235625; 522214; 0.00291140; 0.00645251
All I Wanna Do; Sheryl Crow; 13306628; 166050; 578369; 0.01247874; 0.04346473
Kiss Me; Sixpence None The Richer; 27313268; 475559; 2091020; 0.01741128; 0.07655693
One Of Us; Joan Osborne; 131664460; 192501; 480733; 0.00146206; 0.00365120
Stay (I Missed You); Lisa Loeb & Nine Stories; 41757183; 109669; 1; 0.00262635; 0.00000002
Fade Into You; Mazzy Star; 124204990; 2590871; 2218131; 0.02085964; 0.01785863
No Rain; Blind Melon; 120998625; 254086; 1117212; 0.00209991; 0.00923326
Buddy Holly; Weezer; 87365832; 1177549; 2323282; 0.01347837; 0.02659257
Say It Ain't So - Original Mix; Weezer; 185853567; 1879805; 482; 0.01011444; 0.00000259
Everlong; Foo Fighters; 381357169; 1575992; 3158366; 0.00413259; 0.00828191
Learn to Fly; Foo Fighters; 198658015; 281321; 1766223; 0.00141611; 0.00889077
Santa Monica; Everclear; 51353236; 123027; 545508; 0.00239570; 0.01062266
Glycerine - Remastered; Bush; 106337765; 518967; 543477; 0.00488036; 0.00511086
Machinehead - Remastered 2014; Bush; 31270244; 88272; 381932; 0.00282288; 0.01221391
Shine; Collective Soul; 99727576; 118167; 523723; 0.00118490; 0.00525154
Push; Matchbox Twenty; 153763776; 627651; 714619; 0.00408192; 0.00464751
3AM; Matchbox Twenty; 154146224; 745; 329338; 0.00000483; 0.00213653
Sex & Candy; Marcy Playground; 52938786; 266506; 4; 0.00503423; 0.00000008
You Get What You Give; New Radicals; 228921699; 365215; 1100157; 0.00159537; 0.00480582
Fly; Sugar Ray; 41736653; 82103; 343743; 0.00196717; 0.00823600
Every Morning; Sugar Ray; 47601286; 179821; 510706; 0.00377765; 0.01072883
How Bizarre; OMC; 51604135; 117570; 419618; 0.00227831; 0.00813148
Love Is All Around - From Four Weddings And A Funeral; Wet Wet Wet; 96882527; 92299; 261021; 0.00095269; 0.00269420
Angels; Robbie Williams; 347446814; 377911; 839848; 0.00108768; 0.00241720
Let Me Entertain You; Robbie Williams; 28330950; 50277; 426891; 0.00177463; 0.01506801
Back for Good - Radio Mix; Take That; 168122212; 325790; 178327; 0.00193782; 0.00106070
Never Forget - Single Version; Take That; 4233907; 48569; 104973; 0.01147144; 0.02479341
Never Ever; All Saints; 26173165; 49809; 298535; 0.00190306; 0.01140615
Captain Jack; Captain Jack; 13293034; 9288; 57866; 0.00069871; 0.00435311
Run-Around; Blues Traveler; 35488912; 110647; 62732; 0.00311779; 0.00176765
Hey Ya!; Outkast; 792254128; 2371723; 2403801; 0.00299364; 0.00303413
Ms. Jackson; Outkast; 63000000; 2285680; 120; 0.03628063; 0.00000190
Lose Yourself; Eminem; 1432976888; 20273421; 1803788; 0.01414777; 0.00125877
Without Me; Eminem; 2413088083; 12891362; 2361800; 0.00534227; 0.00097875
The Real Slim Shady; Eminem; 1169984218; 10079174; 2267982; 0.00861479; 0.00193847
Stan; Eminem; 854258088; 9552006; 1641881; 0.01118164; 0.00192200
In Da Club; 50 Cent; 2697886032; 3782924; 2281792; 0.00140218; 0.00084577
Candy Shop; 50 Cent; 1149947637; 1108367; 1507757; 0.00096384; 0.00131115
Yeah! (feat. Lil Jon & Ludacris); USHER; 1244930899; 2264578; 114058; 0.00181904; 0.00009162
Burn; USHER; 411380897; 2110794; 675949; 0.00513100; 0.00164312
Womanizer; Britney Spears; 432785281; 195286; 2133490; 0.00045123; 0.00492967
Cry Me a River; Justin Timberlake; 603815651; 578495; 1520807; 0.00095807; 0.00251866
SexyBack (feat. Timbaland); Justin Timberlake; 332881444; 751302; 681650; 0.00225697; 0.00204773
Rock Your Body; Justin Timberlake; 228740248; 568614; 2035334; 0.00248585; 0.00889801
What Goes Around.../...Comes Around (Interlude); Justin Timberlake; 520119358; 337545; 697425; 0.00064898; 0.00134089
Umbrella - Radio Edit; Rihanna; 1260389788; 1491096; 2374806; 0.00118304; 0.00188418
Don't Stop The Music; Rihanna; 797291295; 563947; 141; 0.00070733; 0.00000018
Disturbia; Rihanna; 262542775; 370627; 2165534; 0.00141168; 0.00824831
Pon de Replay; Rihanna; 289950680; 220311; 1507202; 0.00075982; 0.00519813
Just Dance; Lady Gaga; 530266550; 841897; 2856206; 0.00158769; 0.00538636
Paparazzi; Lady Gaga; 349906714; 1236965; 2871190; 0.00353513; 0.00820559
I Kissed A Girl; Katy Perry; 333258283; 893654; 2799660; 0.00268157; 0.00840087
Hot N Cold; Katy Perry; 1354744881; 466026; 2568072; 0.00034400; 0.00189561
TiK ToK; Kesha; 758980083; 1143880; 1282797; 0.00150713; 0.00169016
I Gotta Feeling; Black Eyed Peas; 950855078; 860563; 2270145; 0.00090504; 0.00238748
Where Is The Love?; Black Eyed Peas; 1332490618; 2063293; 257297; 0.00154845; 0.00019309
Boom Boom Pow; Black Eyed Peas; 546951214; 339626; 1361758; 0.00062094; 0.00248972
Pump It; Black Eyed Peas; 986549334; 279683; 1738009; 0.00028350; 0.00176171
Hips Don't Lie (feat. Wyclef Jean); Shakira; 1824750123; 957200; 466960; 0.00052456; 0.00025590
Whenever, Wherever; Shakira; 896685890; 629591; 208; 0.00070213; 0.00000023
Empire State Of Mind; JAŸ-Z; 481529465; 4617236; 340806; 0.00958869; 0.00070776
99 Problems; JAŸ-Z; 26811877; 1455840; 39888; 0.05429832; 0.00148770
Stronger; Kanye West; 545408765; 1892544; 2925619; 0.00346996; 0.00536409
Heartless; Kanye West; 252828187; 1584469; 2897321; 0.00626698; 0.01145964
Jesus Walks; Kanye West; 47437727; 1565195; 1306771; 0.03299473; 0.02754708
Drop It Like It's Hot; Snoop Dogg; 397630623; 828764; 62; 0.00208426; 0.00000016
Fallin'; Alicia Keys; 389700169; 396682; 1093379; 0.00101792; 0.00280569
No One; Alicia Keys; 938493387; 600620; 1372252; 0.00063998; 0.00146219
If I Ain't Got You; Alicia Keys; 398229524; 2464521; 140; 0.00618869; 0.00000035
Ignition - Remix; R. Kelly; 63808977; 994423; 134864; 0.01558437; 0.00211356
Hot In Herre; Nelly; 224985599; 575715; 1183164; 0.00255890; 0.00525884
Dilemma (feat. Kelly Rowland); Nelly; 1819735230; 1247753; 1148727; 0.00068568; 0.00063126
Maneater; Nelly Furtado; 143414027; 479308; 2273700; 0.00334213; 0.01585410
Say It Right; Nelly Furtado; 1286924284; 323218; 2099499; 0.00025116; 0.00163141
The Way I Are; Timbaland; 869973997; 453772; 1711376; 0.00052159; 0.00196716
Apologize (feat. OneRepublic); Timbaland; 913083577; 173298; 1078394; 0.00018979; 0.00118105
Family Affair; Mary J. Blige; 1005200464; 374000; 1054660; 0.00037207; 0.00104920
Bleeding Love; Leona Lewis; 215652382; 465308; 1418426; 0.00215768; 0.00657737
Girlfriend; Avril Lavigne; 716957831; 913249; 1834681; 0.00127378; 0.00255898
Get the Party Started; P!nk; 70990612; 101589; 619533; 0.00143102; 0.00872697
So What; P!nk; 486376548; 215649; 1285598; 0.00044338; 0.00264322
Just Like a Pill; P!nk; 196482396; 86815; 335977; 0.00044185; 0.00170996
Hollaback Girl; Gwen Stefani; 320051706; 536666; 1855072; 0.00167681; 0.00579616
The Sweet Escape; Gwen Stefani; 249756952; 375347; 1838461; 0.00150285; 0.00736100
Can't Get You out of My Head; Kylie Minogue; 732607010; 210191; 1707901; 0.00028691; 0.00233126
Hung Up; Madonna; 589736473; 193310; 1677994; 0.00032779; 0.00284533
Popular (with Playboi Carti & Madonna) - From The Idol Vol. 1 (Music from the HBO Original Series); The Weeknd; 112968836; 652342; 21690; 0.00577453; 0.00019200
Survivor; Destiny's Child; 232168745; 722453; 952765; 0.00311176; 0.00410376
Independent Women, Pt. 1 - Pasadena Remix; Destiny's Child; 93426094; 362; 99943; 0.00000387; 0.00106975
Bootylicious; Destiny's Child; 26791682; 165625; 729594; 0.00618196; 0.02723211
Bye Bye Bye; *NSYNC; 614792708; 492621; 1088216; 0.00080128; 0.00177005
It's Gonna Be Me; *NSYNC; 12978601; 172669; 23; 0.01330413; 0.00000177
Shape of My Heart; Backstreet Boys; 495956560; 169209; 387820; 0.00034118; 0.00078196
It Wasn't Me; Shaggy; 261385665; 2437277; 1229376; 0.00932445; 0.00470330
Angel; Shaggy; 695458403; 558431; 662071; 0.00080297; 0.00095199
Temperature; Sean Paul; 494281200; 793729; 1378134; 0.00160582; 0.00278816
Get Busy; Sean Paul; 297163035; 354973; 956237; 0.00119454; 0.00321789
Let Me Love You; Mario; 737413589; 1317934; 1267513; 0.00178724; 0.00171886
Beautiful Girls; Sean Kingston; 1547938674; 1074904; 1584239; 0.00069441; 0.00102345
Crank That (Soulja Boy); Soulja Boy; 649525817; 1867444; 28572; 0.00287509; 0.00004399
Low (feat. T-Pain); Flo Rida; 609514034; 1633248; 397620; 0.00267959; 0.00065236
Right Round; Flo Rida; 332376953; 247809; 1196707; 0.00074557; 0.00360045
You're Beautiful; James Blunt; 955800385; 665298; 584; 0.00069606; 0.00000061
Bad Day; Daniel Powter; 290675670; 776627; 1006672; 0.00267180; 0.00346321
Chasing Cars; Snow Patrol; 426249827; 1303416; 2369487; 0.00305787; 0.00555892
How to Save a Life; The Fray; 354414242; 1467179; 2063029; 0.00413973; 0.00582095
Over My Head (Cable Car); The Fray; 90412599; 88381; 160987; 0.00097753; 0.00178058
Clocks; Coldplay; 564940553; 648498; 2891139; 0.00114790; 0.00511760
Mr. Brightside; The Killers; 639090246; 7608635; 205; 0.01190542; 0.00000032
Somebody Told Me; The Killers; 248391801; 822354; 3006587; 0.00331071; 0.01210421
When You Were Young; The Killers; 176453591; 422383; 2354733; 0.00239373; 0.01334477
Human; The Killers; 202047430; 793075; 1451373; 0.00392519; 0.00718333
Seven Nation Army; The White Stripes; 830809732; 1154492; 2916168; 0.00138960; 0.00351003
Fell In Love With a Girl; The White Stripes; 31806932; 243542; 1504815; 0.00765688; 0.04731091
Take Me Out; Franz Ferdinand; 161899834; 780934; 3159944; 0.00482356; 0.01951790
I Bet You Look Good On The Dancefloor; Arctic Monkeys; 57844106; 402989; 2123486; 0.00696681; 0.03671050
Fluorescent Adolescent; Arctic Monkeys; 199267174; 2391967; 2554382; 0.01200382; 0.01281888
Last Nite; The Strokes; 139307518; 445349; 2134629; 0.00319688; 0.01532314
Reptilia; The Strokes; 250876661; 440410; 2524292; 0.00175548; 0.01006188
Someday; The Strokes; 102322765; 554830; 2316143; 0.00542235; 0.02263566
Are You Gonna Be My Girl; Jet; 203817587; 437867; 1847499; 0.00214833; 0.00906447
Sex on Fire; Kings of Leon; 640948079; 992644; 2836183; 0.00154871; 0.00442498
Use Somebody; Kings of Leon; 364484916; 846201; 2353552; 0.00232164; 0.00645720
Boulevard of Broken Dreams; Green Day; 943676062; 1472162; 2416614; 0.00156003; 0.00256085
American Idiot; Green Day; 298357858; 1332370; 2598402; 0.00446568; 0.00870901
Wake Me up When September Ends; Green Day; 237312402; 813453; 2130110; 0.00342777; 0.00897597
Holiday; Green Day; 148636293; 1163501; 1704081; 0.00782784; 0.01146477
In the End; Linkin Park; 2271684968; 2983807; 3318401; 0.00131348; 0.00146077
Numb; Linkin Park; 2727053879; 1741604; 3078711; 0.00063864; 0.00112895
Crawling; Linkin Park; 481401911; 540992; 1991789; 0.00112378; 0.00413748
What I've Done; Linkin Park; 806415242; 537140; 2172961; 0.00066608; 0.00269459
Bring Me To Life; Evanescence; 1733598676; 3048752; 2902713; 0.00175863; 0.00167439
My Immortal; Evanescence; 1101370579; 638520; 1622433; 0.00057975; 0.00147310
Chop Suey!; System Of A Down; 1569319601; 1955421; 2785978; 0.00124603; 0.00177528
Toxicity; System Of A Down; 4149558; 1159796; 2557497; 0.27949868; 0.61632998
Last Resort; Papa Roach; 351131462; 1125217; 1846942; 0.00320455; 0.00525997
How You Remind Me; Nickelback; 347541536; 1227839; 1954675; 0.00353293; 0.00562429
Photograph - 2020 Remaster; Nickelback; 91190665; 332897; 900333; 0.00365056; 0.00987308
It's My Life; Bon Jovi; 1604052565; 586905; 969; 0.00036589; 0.00000060
By the Way; Red Hot Chili Peppers; 220179791; 453951; 1958879; 0.00206173; 0.00889672
Dani California; Red Hot Chili Peppers; 416034230; 666755; 2279637; 0.00160264; 0.00547945
Can't Stop; Red Hot Chili Peppers; 473248178; 1059084; 2586670; 0.00223790; 0.00546578
Snow (Hey Oh); Red Hot Chili Peppers; 399067174; 14404; 46738; 0.00003609; 0.00011712
All My Life; Foo Fighters; 123936101; 402402; 1487922; 0.00324685; 0.01200556
The Pretender; Foo Fighters; 629742695; 466420; 2224781; 0.00074065; 0.00353284
Best of You; Foo Fighters; 286441780; 347114; 1769050; 0.00121181; 0.00617595
No One Knows; Queens of the Stone Age; 206050623; 289142; 1932528; 0.00140326; 0.00937890
Go With The Flow; Queens of the Stone Age; 96672178; 201287; 1516850; 0.00208216; 0.01569066
Kryptonite; 3 Doors Down; 568556784; 357028; 1763302; 0.00062795; 0.00310136
Here Without You; 3 Doors Down; 1069860227; 1351670; 1619807; 0.00126341; 0.00151404
Wherever You Will Go; The Calling; 726735679; 1041526; 1173113; 0.00143316; 0.00161422
Drops of Jupiter (Tell Me); Train; 383317011; 1667328; 741706; 0.00434974; 0.00193497
Hey, Soul Sister; Train; 428711269; 683130; 118; 0.00159345; 0.00000028
She Will Be Loved - Radio Mix; Maroon 5; 885052960; 1533672; 1710473; 0.00173286; 0.00193262
This Love; Maroon 5; 401067685; 586149; 2535821; 0.00146147; 0.00632268
Makes Me Wonder; Maroon 5; 189271227; 92833; 924510; 0.00049048; 0.00488458
Feel Good Inc.; Gorillaz; 1148194123; 2802280; 3303205; 0.00244060; 0.00287687
Clint Eastwood; Gorillaz; 1057863806; 1900756; 2672153; 0.00179679; 0.00252599
DARE (feat. Shaun Ryder & Roses Gabor); Gorillaz; 378518123; 556271; 2179196; 0.00146960; 0.00575718
Kids; MGMT; 211321188; 646075; 3070235; 0.00305731; 0.01452876
Time to Pretend; MGMT; 122376006; 368451; 2596071; 0.00301081; 0.02121389
Electric Feel; MGMT; 191048464; 444901; 2800605; 0.00232873; 0.01465913
Paper Planes; M.I.A.; 343451133; 1112541; 2302632; 0.00323930; 0.00670439
Fireflies; Owl City; 623356520; 1735046; 1769363; 0.00278339; 0.00283844
I'm Yours; Jason Mraz; 921462438; 1868727; 2189960; 0.00202800; 0.00237661
Hey There Delilah; Plain White T's; 137012144; 1197634; 1969249; 0.00874108; 0.01437281
Bubbly; Colbie Caillat; 175871967; 293928; 1083186; 0.00167126; 0.00615895
Put Your Records On; Corinne Bailey Rae; 71303386; 578660; 1511349; 0.00811546; 0.02119603
Valerie (feat. Amy Winehouse) - Version Revisited; Mark Ronson; 36001148; 132857; 47516; 0.00369035; 0.00131985
Rehab; Amy Winehouse; 405578943; 1317786; 2113125; 0.00324915; 0.00521014
Back To Black; Amy Winehouse; 1464630307; 2779985; 2685851; 0.00189808; 0.00183381
Mercy; Duffy; 114008558; 118629; 1147325; 0.00104053; 0.01006350
Crazy; Gnarls Barkley; 451876704; 988902; 2130565; 0.00218843; 0.00471493
Fuck You; CeeLo Green; 131770256; 486989; 596312; 0.00369574; 0.00452539
Supermassive Black Hole; Muse; 106147675; 285998; 2967450; 0.00269434; 0.02795586
Uprising; Muse; 318600674; 286758; 1749506; 0.00090005; 0.00549122
Starlight; Muse; 227919190; 233836; 2163423; 0.00102596; 0.00949206
Float On; Modest Mouse; 78376998; 581697; 1899609; 0.00742178; 0.02423682
Dashboard; Modest Mouse; 24165745; 81845; 950974; 0.00338682; 0.03935215
Maps; Yeah Yeah Yeahs; 116441243; 505317; 1622351; 0.00433967; 0.01393279
Heads Will Roll - A-Trak Remix Radio Edit; Yeah Yeah Yeahs; 321576; 143657; 1504706; 0.44672799; 4.67916138
First Date; blink-182; 243801960; 176418; 1310711; 0.00072361; 0.00537613
I Miss You; blink-182; 508064019; 5105085; 1922380; 0.01004811; 0.00378374
The Anthem; Good Charlotte; 108154418; 202679; 1105412; 0.00187398; 0.01022068
Lifestyles of the Rich & Famous; Good Charlotte; 51172563; 73869; 471601; 0.00144353; 0.00921590
Fat Lip; Sum 41; 163592372; 275909; 1376795; 0.00168656; 0.00841601
In Too Deep; Sum 41; 284522047; 795658; 1425194; 0.00279647; 0.00500908
Stacy's Mom; Fountains Of Wayne; 234146144; 699256; 57; 0.00298641; 0.00000024
Teenage Dirtbag; Wheatus; 24453260; 3977127; 1660889; 0.16264200; 0.06792096
Dirty Little Secret; The All-American Rejects; 139927858; 783261; 1611792; 0.00559761; 0.01151874
Gives You Hell; The All-American Rejects; 206194285; 248029; 1429498; 0.00120289; 0.00693277
Sugar, We're Goin Down; Fall Out Boy; 170591574; 1201217; 1545406; 0.00704148; 0.00905910
Dance, Dance; Fall Out Boy; 170196655; 419987; 441; 0.00246766; 0.00000259
Thnks fr th Mmrs; Fall Out Boy; 208294650; 815964; 1759237; 0.00391735; 0.00844591
I Write Sins Not Tragedies; Panic! At The Disco; 440778546; 1317503; 2251394; 0.00298904; 0.00510777
Misery Business; Paramore; 320477502; 771952; 2749179; 0.00240876; 0.00857838
Decode - Twilight Soundtrack Version; Paramore; 613426189; 338495; 1647363; 0.00055181; 0.00268551
Welcome to the Black Parade; My Chemical Romance; 419130239; 1514579; 2156579; 0.00361362; 0.00514537
Teenagers; My Chemical Romance; 202006327; 782020; 2348261; 0.00387126; 0.01162469
I'm Not Okay (I Promise); My Chemical Romance; 145669271; 641966; 133; 0.00440701; 0.00000091
The Middle; Jimmy Eat World; 134781614; 762494; 2074455; 0.00565726; 0.01539123
All These Things That I've Done; The Killers; 94064394; 969094; 544; 0.01030245; 0.00000578
Daylight; Matt and Kim; 5100000; 64912; 356326; 0.01272784; 0.06986784
1901; Phoenix; 17000000; 215354; 1599529; 0.01266788; 0.09408994
Lisztomania; Phoenix; 27395690; 394572; 1442554; 0.01440270; 0.05265624
Young Folks; Peter Bjorn and John; 88297299; 294033; 1585742; 0.00333003; 0.01795912
Jerk It Out; Caesars; 29830390; 116571; 826736; 0.00390779; 0.02771456
Standing In the Way of Control; Gossip; 4268269; 13630; 265249; 0.00319333; 0.06214440
Heavy Cross; Gossip; 75090050; 41331; 442965; 0.00055042; 0.00589912
Dance Wiv Me - Radio Edit; Dizzee Rascal; 11601142; 93038; 106937; 0.00801973; 0.00921780
Day 'N' Nite (Nightmare); Kid Cudi; 262000000; 25316; 62; 0.00009663; 0.00000024
Pursuit Of Happiness (Nightmare); Kid Cudi; 334001148; 1350538; 63941; 0.00404351; 0.00019144
A Milli; Lil Wayne; 90160688; 1543321; 865994; 0.01711745; 0.00960501
Lollipop; Lil Wayne; 726205054; 712365; 814355; 0.00098094; 0.00112138
In My Head; Jason Derulo; 168645499; 125388; 354133; 0.00074350; 0.00209987
Whatcha Say; Jason Derulo; 399711572; 370439; 300815; 0.00092677; 0.00075258
Fire Burning (feat. Pitbull); Sean Kingston; 128818426; 327141; 812676; 0.00253955; 0.00630869
Lean Back; Terror Squad; 220446788; 293910; 295100; 0.00133325; 0.00133865
Touch The Sky; Kanye West; 42514226; 1089419; 1299578; 0.02562481; 0.03056807
Good Life; Kanye West; 146673727; 999939; 1219825; 0.00681744; 0.00831659
Hate It Or Love It; The Game; 440979021; 1094128; 1354074; 0.00248113; 0.00307061
How We Do; The Game; 281964329; 473082; 613612; 0.00167781; 0.00217620
Foolish; Ashanti; 255330368; 317776; 692447; 0.00124457; 0.00271196
Ride Wit Me; Nelly; 192987172; 811326; 1003408; 0.00420404; 0.00519935
Rock The Boat; Aaliyah; 16667226; 261814; 458922; 0.01570831; 0.02753440
Try Again; Aaliyah; 56294015; 237354; 650972; 0.00421633; 0.01156379
He Wasn't Man Enough; Toni Braxton; 3600000; 202444; 33; 0.05623444; 0.00000917
Shackles (Praise You); Mary Mary; 11282875; 67029; 9373; 0.00594077; 0.00083073
White Flag; Dido; 356145740; 854374; 1102688; 0.00239894; 0.00309617
Thank You (Not So Bad); Dimitri Vegas & Like Mike; 179405371; 14368; 272447; 0.00008009; 0.00151861
Out Of Reach; GABRIELLE; 43371692; 125694; 216996; 0.00289807; 0.00500317
Pure Shores; All Saints; 44242781; 44361; 476617; 0.00100267; 0.01077276
Whole Again; Atomic Kitten; 51247018; 10485; 220748; 0.00020460; 0.00430753
The Tide Is High - Radio Mix; Atomic Kitten; 81445478; 53366; 41142; 0.00065524; 0.00050515
Round Round; Sugababes; 30410881; 27912; 247385; 0.00091783; 0.00813475
Push The Button; Sugababes; 74179444; 63365; 478279; 0.00085421; 0.00644759
About You Now; Sugababes; 16053604; 48018; 435034; 0.00299110; 0.02709884
Sound Of The Underground; Girls Aloud; 13559479; 22480; 325307; 0.00165788; 0.02399111
Love Machine; Girls Aloud; 5414182; 22265; 212590; 0.00411235; 0.03926540
Piece of Me; Britney Spears; 170324168; 151019; 946990; 0.00088666; 0.00555993
Gimme More; Britney Spears; 451828986; 241412; 2216430; 0.00053430; 0.00490546
Everytime; Britney Spears; 190759156; 282547; 668579; 0.00148117; 0.00350483
Call on Me - Radio Mix; Eric Prydz; 128447769; 122862; 409786; 0.00095651; 0.00319029
Satisfaction - Hardwell & Maddix Remix; David Guetta; 25068697; 5346; 175544; 0.00021325; 0.00700252
Dragostea din tei; O-Zone; 290708015; 532931; 608958; 0.00183322; 0.00209474
The Ketchup Song (Aserejé) - Spanglish Version; Las Ketchup; 139290974; 215117; 31438; 0.00154437; 0.00022570
Freestyler; Bomfunk MC's; 441418509; 305240; 518457; 0.00069150; 0.00117452
Heaven; DJ Sammy; 15336440; 40341; 317262; 0.00263040; 0.02068681
Castles In The Sky - Radio Mix; Ian van Dahl; 7842176; 24021; 190322; 0.00306305; 0.02426903
Everytime We Touch; Cascada; 270864187; 334548; 1013662; 0.00123511; 0.00374233
Evacuate The Dancefloor - Radio Edit; Cascada; 27529655; 72605; 399776; 0.00263734; 0.01452165
Boten Anna - Radio edit; Basshunter; 23649769; 146720; 171482; 0.00620387; 0.00725090
Now You're Gone (feat. DJ Mental Theo's Bazzheadz) - Video Edit; Basshunter; 361046289; 79509; 609; 0.00022022; 0.00000169
Destination Calabria - Radio Edit; Alex Gaudino; 307911943; 31385; 149335; 0.00010193; 0.00048499
Infinity 2008 - Klaas Vocal Edit; Guru Josh Project; 37034538; 34168; 1; 0.00092260; 0.00000003
Stereo Love; Edward Maya; 764481632; 269195; 632261; 0.00035213; 0.00082705
Meet Me Halfway; Black Eyed Peas; 699239056; 804936; 1644745; 0.00115116; 0.00235219
Gold Digger; Kanye West; 415852226; 3077146; 1923490; 0.00739961; 0.00462542
Promiscuous; Nelly Furtado; 759514306; 1763192; 2328099; 0.00232147; 0.00306525
American Boy; Estelle (feat. Kanye West); 315531151; 2046117; 1698092; 0.00648468; 0.00538169
Beautiful; Snoop Dogg (feat. Pharrell Williams); 292014174; 207849; 701545; 0.00071178; 0.00240243
Always on Time; Ja Rule (feat. Ashanti); 387352375; 297748; 599241; 0.00076867; 0.00154702
Mesmerize; Ja Rule (feat. Ashanti); 311507363; 257719; 282099; 0.00082733; 0.00090559
Photograph; Ed Sheeran; 1509572086; 4818573; 1261075; 0.00319201; 0.00083539
Castle on the Hill; Ed Sheeran; 584092249; 2530463; 740319; 0.00433230; 0.00126747
Locked out of Heaven; Bruno Mars; 1266116564; 1815396; 2513913; 0.00143383; 0.00198553
That's What I Like; Bruno Mars; 2528039537; 3502115; 9; 0.00138531; 0.00000000
Bad Blood; Taylor Swift; 1685047634; 1005797; 1193166; 0.00059690; 0.00070809
Starboy; The Weeknd; 2761118340; 9701598; 2384819; 0.00351365; 0.00086371
Can't Feel My Face; The Weeknd; 1534797999; 4857949; 172; 0.00316520; 0.00000011
The Hills; The Weeknd; 2299309788; 11050895; 2152139; 0.00480618; 0.00093599
One Dance; Drake; 403416121; 6355763; 2022140; 0.01575486; 0.00501254
Hotline Bling; Drake; 2137650729; 7326941; 1486449; 0.00342757; 0.00069537
In My Feelings; Drake; 300904433; 7941487; 794748; 0.02639206; 0.00264120
thank u, next; Ariana Grande; 882907177; 9485644; 7; 0.01074365; 0.00000001
7 rings; Ariana Grande; 1594367257; 8736603; 1743368; 0.00547967; 0.00109345
no tears left to cry; Ariana Grande; 1311363790; 3127647; 1291698; 0.00238503; 0.00098500
Sunflower - Spider-Man: Into the Spider-Verse; Post Malone; 2990346414; 3345544; 34833; 0.00111878; 0.00001165
Circles; Post Malone; 800956815; 2345332; 1547194; 0.00292816; 0.00193168
Better Now; Post Malone; 717961640; 1816646; 1103320; 0.00253028; 0.00153674
Treat You Better; Shawn Mendes; 2731183314; 2002417; 1216046; 0.00073317; 0.00044525
Stitches; Shawn Mendes; 1713949888; 2077599; 1225992; 0.00121217; 0.00071530
There's Nothing Holdin' Me Back; Shawn Mendes; 1446782460; 3024136; 6; 0.00209025; 0.00000000
Don't Let Me Down; The Chainsmokers; 2324172582; 1047061; 11; 0.00045051; 0.00000000
Moves Like Jagger - Soul Seekerz Radio Edit; Maroon 5; 853898242; 422739; 429275; 0.00049507; 0.00050272
Girls Like You (feat. Cardi B) - Cardi B Version; Maroon 5; 4028904176; 1235507; 300729; 0.00030666; 0.00007464
Sugar; Maroon 5; 4389140596; 2077402; 1337161; 0.00047330; 0.00030465
Payphone; Maroon 5; 986291568; 1469475; 1700900; 0.00148990; 0.00172454
Happy - From Despicable Me 2; Pharrell Williams; 1541694130; 2645844; 474299; 0.00171619; 0.00030765
Get Lucky (Radio Edit) [feat. Pharrell Williams and Nile Rodgers]; Daft Punk; 56473925; 36573; 838608; 0.00064761; 0.01484947
Waiting For Love; Avicii; 1344288223; 681230; 974742; 0.00050676; 0.00072510
We Found Love - Chuckie Extended Remix; Rihanna; 326011; 511678; 296834; 1.56951146; 0.91050302
Only Girl (In The World); Rihanna; 1027269690; 796076; 27865; 0.00077494; 0.00002713
Call Me Maybe; Carly Rae Jepsen; 1844663294; 2872999; 2365431; 0.00155747; 0.00128231
Party Rock Anthem; LMFAO; 2562345967; 556458; 1506892; 0.00021717; 0.00058809
Sexy And I Know It; LMFAO; 1182853214; 426023; 1079822; 0.00036017; 0.00091290
Gangnam Style (강남스타일); PSY; 5966328113; 537005; 45431; 0.00009001; 0.00000761
Thrift Shop (feat. Wanz); Macklemore & Ryan Lewis; 1972015010; 6675; 4; 0.00000338; 0.00000000
Can't Hold Us (feat. Ray Dalton); Macklemore; 1169983304; 5098535; 16; 0.00435778; 0.00000001
Let It Go - From Frozen/Soundtrack Version; Idina Menzel; 418605985; 1291443; 232672; 0.00308510; 0.00055583
All of Me; John Legend; 2688414668; 5839899; 1318360; 0.00217225; 0.00049039
Stay With Me; Sam Smith; 1284077395; 4001660; 1252945; 0.00311637; 0.00097576
I'm Not The Only One; Sam Smith; 1774767010; 1777581; 74; 0.00100159; 0.00000004
Too Good At Goodbyes; Sam Smith; 1583948553; 8038202; 839399; 0.00507479; 0.00052994
New Rules; Dua Lipa; 3288459899; 4799597; 1350321; 0.00145953; 0.00041062
Wrecking Ball; Miley Cyrus; 1239268510; 2204308; 1282400; 0.00177872; 0.00103480
We Can't Stop; Miley Cyrus; 1013424292; 835063; 1325253; 0.00082400; 0.00130770
Royals; Lorde; 1006989949; 2950632; 2102734; 0.00293015; 0.00208814
Truth Hurts; Lizzo; 332187438; 2399317; 729435; 0.00722278; 0.00219585
Good as Hell; Lizzo; 158184922; 666252; 524895; 0.00421186; 0.00331824
HUMBLE.; Kendrick Lamar; 1109322392; 12299926; 10047; 0.01108778; 0.00000906
Alright; Kendrick Lamar; 192857315; 4980282; 1902954; 0.02582366; 0.00986716
Black Beatles; Rae Sremmurd; 1090898831; 5048083; 947058; 0.00462745; 0.00086814
Bad and Boujee (feat. Lil Uzi Vert); Migos; 1376194606; 10088779; 34706; 0.00733092; 0.00002522
Bodak Yellow; Cardi B; 1203728450; 8324611; 714540; 0.00691569; 0.00059361
I Like It; Cardi B; 1741472305; 3943858; 975685; 0.00226467; 0.00056026
See You Again (feat. Charlie Puth); Wiz Khalifa; 7013049508; 4969701; 21884; 0.00070864; 0.00000312
Attention; Charlie Puth; 1797371416; 4137848; 1284563; 0.00230217; 0.00071469
We Don't Talk Anymore (feat. Selena Gomez); Charlie Puth; 3542758257; 1924280; 7; 0.00054316; 0.00000000
Lean On (feat. MØ & DJ Snake); Major Lazer; 3924336770; 1133991; 736321; 0.00028896; 0.00018763
Cold Water (feat. Justin Bieber & MØ); Major Lazer; 420711578; 1532320; 414625; 0.00364221; 0.00098553
Let Me Love You - Tiësto's AFTR:HRS Mix; DJ Snake; 418150; 3615165; 1304545; 8.64561760; 3.11980151
Taki Taki (feat. Selena Gomez, Ozuna & Cardi B); DJ Snake; 2806660555; 2217642; 30683; 0.00079014; 0.00001093
Sorry Not Sorry; Demi Lovato; 545004655; 2564087; 704085; 0.00470471; 0.00129189
Cool for the Summer; Demi Lovato; 551598239; 258712; 1355014; 0.00046902; 0.00245652
Waka Waka (This Time for Africa) - K-Mix; Shakira; 4570644777; 1849374; 132444; 0.00040462; 0.00002898
Danza Kuduro; Don Omar; 219618321; 862451; 966096; 0.00392704; 0.00439898
Bailando - Spanish Version; Enrique Iglesias; 3842068837; 382691; 54317; 0.00009961; 0.00001414
Mi Gente; J Balvin; 3661900509; 1630826; 688293; 0.00044535; 0.00018796
Échame La Culpa; Luis Fonsi; 2511870939; 946413; 331161; 0.00037678; 0.00013184
I Took A Pill In Ibiza - Seeb Remix; Mike Posner; 1796379546; 195830; 139439; 0.00010901; 0.00007762
Cheerleader (Felix Jaehn Remix) - Radio Edit; OMI; 1452293519; 913355; 126587; 0.00062891; 0.00008716
Stressed Out; Twenty One Pilots; 3222700521; 3166673; 1977889; 0.00098261; 0.00061374
Ride; Twenty One Pilots; 1666335537; 1551590; 1603852; 0.00093114; 0.00096250
Heathens; Twenty One Pilots; 2377599796; 3161938; 1436764; 0.00132989; 0.00060429
Feel It Still; Portugal. The Man; 417744773; 1505934; 6; 0.00360491; 0.00000001
Cake By The Ocean; DNCE; 562465095; 2340851; 1390863; 0.00416177; 0.00247280
Shut Up and Dance; WALK THE MOON; 480114365; 1263964; 1425059; 0.00263263; 0.00296817
Pompeii; Bastille; 833857558; 974628; 1778798; 0.00116882; 0.00213322
Riptide; Vance Joy; 722665149; 2780323; 2154924; 0.00384732; 0.00298191
Let Her Go; Passenger; 4078578868; 2593225; 1465232; 0.00063582; 0.00035925
Ho Hey; The Lumineers; 392966425; 1092471; 1665170; 0.00278006; 0.00423744
Little Talks; Of Monsters and Men; 406698205; 902069; 1763973; 0.00221803; 0.00433730
Some Nights; fun.; 270867113; 1218116; 24596; 0.00449710; 0.00009080
We Are Young (feat. Janelle Monáe); fun.; 1336769209; 1905444; 26698; 0.00142541; 0.00001997
Pumped Up Kicks; Foster The People; 1242983066; 3428474; 2914358; 0.00275826; 0.00234465
Take Care; Drake; 500405691; 2367887; 979819; 0.00473193; 0.00195805
Hold On, We're Going Home; Drake; 209433693; 5695752; 1298452; 0.02719597; 0.00619982
Born This Way; Lady Gaga; 326667653; 1745673; 1605119; 0.00534388; 0.00491361
The Edge Of Glory; Lady Gaga; 232416741; 183010; 964805; 0.00078742; 0.00415119
Applause; Lady Gaga; 468944983; 565634; 1612440; 0.00120618; 0.00343844
Million Reasons; Lady Gaga; 351686683; 730995; 652094; 0.00207854; 0.00185419
Sign of the Times; Harry Styles; 1558109540; 4874549; 1546732; 0.00312850; 0.00099270
PILLOWTALK; ZAYN; 1290505809; 6012; 1213196; 0.00000466; 0.00094009
I Don't Care; Ed Sheeran; 650330708; 1660294; 2; 0.00255300; 0.00000000
Galway Girl; Ed Sheeran; 627664924; 2002562; 738609; 0.00319050; 0.00117676
Symphony (feat. Zara Larsson); Clean Bandit; 1457849331; 1214920; 72475; 0.00083336; 0.00004971
Rockabye (feat. Sean Paul & Anne-Marie); Clean Bandit; 3190832369; 2211568; 27645; 0.00069310; 0.00000866
Rather Be (feat. Jess Glynne); Clean Bandit; 832288582; 2087407; 45305; 0.00250803; 0.00005443
Faded; Alan Walker; 3982172825; 3498533; 883079; 0.00087855; 0.00022176
Animals; Martin Garrix; 38030887; 89427; 447799; 0.00235143; 0.01177461
Scared to Be Lonely; Martin Garrix; 804375242; 1923241; 654772; 0.00239097; 0.00081401
In the Name of Love; Martin Garrix; 932342894; 1215062; 788737; 0.00130324; 0.00084597
How Deep Is Your Love; Calvin Harris; 1708506225; 1557757; 1127088; 0.00091177; 0.00065969
One Kiss (with Dua Lipa); Calvin Harris; 988847822; 1067385; 66956; 0.00107942; 0.00006771
Someone You Loved; Lewis Capaldi; 1303473564; 4129215; 1076438; 0.00316785; 0.00082582
Love Lies; Khalid; 292272822; 915194; 227014; 0.00313130; 0.00077672
Young Dumb & Broke; Khalid; 1081203232; 2873788; 1; 0.00265795; 0.00000000
Talk (feat. Disclosure); Khalid; 340471475; 1021661; 363920; 0.00300072; 0.00106887
Unforgettable; French Montana; 1932730596; 3459564; 1251586; 0.00178999; 0.00064757
I'm the One (feat. Justin Bieber, Quavo, Chance the Rapper & Lil Wayne); DJ Khaled; 1924095363; 5808084; 2; 0.00301861; 0.00000000
Wild Thoughts (feat. Rihanna & Bryson Tiller); DJ Khaled; 1335871477; 3233185; 152896; 0.00242028; 0.00011445
Needed Me; Rihanna; 340350738; 2337712; 1490867; 0.00686854; 0.00438038
Bitch Better Have My Money; Rihanna; 175385759; 1151398; 1048123; 0.00656495; 0.00597610
FourFiveSeconds; Rihanna; 564766526; 1794853; 1078842; 0.00317804; 0.00191024
Love The Way You Lie; Eminem; 3142968496; 4726467; 1628481; 0.00150382; 0.00051813
The Monster (feat. Rihanna); Eminem; 1029746925; 5212729; 1130662; 0.00506215; 0.00109800
Not Afraid; Eminem; 2086455486; 2183708; 1302335; 0.00104661; 0.00062419
Rap God; Eminem; 1562264036; 20294229; 914569; 0.01299027; 0.00058541
Love Me Like You Do - From Fifty Shades Of Grey; Ellie Goulding; 2407714069; 13323; 639702; 0.00000553; 0.00026569
Burn; Ellie Goulding; 1671461640; 276789; 1176714; 0.00016560; 0.00070400
Lights - Single Version; Ellie Goulding; 260781003; 8131; 1029986; 0.00003118; 0.00394962
Just Give Me a Reason (feat. Nate Ruess); P!nk; 2050053913; 1125186; 31503; 0.00054886; 0.00001537
Try; P!nk; 673308850; 392635; 57624; 0.00058314; 0.00008558
Raise Your Glass; P!nk; 259888079; 125328; 871478; 0.00048224; 0.00335328
What About Us; P!nk; 379604340; 1066658; 1; 0.00280992; 0.00000000
DJ Got Us Fallin' In Love (feat. Pitbull); USHER; 452769223; 210237; 206; 0.00046434; 0.00000045
Scream & Shout; will.i.am; 1179730615; 694385; 1210878; 0.00058860; 0.00102640
Super Bass; Nicki Minaj; 1103052286; 3709006; 1742584; 0.00336249; 0.00157978
Starships; Nicki Minaj; 512239025; 1115410; 1814692; 0.00217752; 0.00354267
Anaconda; Nicki Minaj; 1186019079; 2356174; 952867; 0.00198662; 0.00080342
Into You; Ariana Grande; 1178364341; 1093070; 1746745; 0.00092762; 0.00148235
Bang Bang; Jessie J; 2131905001; 1692319; 1443469; 0.00079381; 0.00067708
Price Tag; Jessie J; 1028344068; 722072; 956657; 0.00070217; 0.00093029
Domino; Jessie J; 380755442; 370028; 1142236; 0.00097183; 0.00299992
Rude; MAGIC!; 2674729242; 886715; 16287; 0.00033152; 0.00000609
Stolen Dance; Milky Chance; 1059668189; 905562; 1383181; 0.00085457; 0.00130530
Are You With Me; Lost Frequencies; 540605596; 109373; 356934; 0.00020232; 0.00066025
Ain't Nobody (Loves Me Better) (feat. Jasmine Thompson); Felix Jaehn; 541890765; 2827; 18; 0.00000522; 0.00000003
Sugar (feat. Francesco Yates); Robin Schulz; 873115325; 233212; 28665; 0.00026710; 0.00003283
Prayer in C - Robin Schulz Radio Edit; Lilly Wood and The Prick; 909628349; 142690; 25688; 0.00015687; 0.00002824
Waves [feat. Chris Brown & T.I.] - Robin Schulz Remix; Mr. Probz; 11638627; 75236; 12; 0.00646434; 0.00000103
Give Me Everything (feat. Nayer); Pitbull; 1356699847; 518585; 236058; 0.00038224; 0.00017399
Time of Our Lives; Pitbull; 282765367; 402221; 1333171; 0.00142245; 0.00471476
Feel This Moment (feat. Christina Aguilera); Pitbull; 874966277; 851010; 185660; 0.00097262; 0.00021219
International Love (feat. Chris Brown); Pitbull; 1058730193; 370789; 102083; 0.00035022; 0.00009642
Yeah 3x; Chris Brown; 351888045; 134505; 433647; 0.00038224; 0.00123234
Look At Me Now (feat. Lil' Wayne & Busta Rhymes); Chris Brown; 588293076; 3212073; 114185; 0.00545999; 0.00019410
a thousand years; Christina Perri; 2817071386; 3102783; 1057480; 0.00110142; 0.00037538
jar of hearts; Christina Perri; 443376344; 374905; 932489; 0.00084557; 0.00210315
Dynamite; Taio Cruz; 217188082; 509641; 1756744; 0.00234654; 0.00808858
Break Your Heart; Taio Cruz; 320019728; 77350; 1232519; 0.00024170; 0.00385138
Talk Dirty (feat. 2 Chainz); Jason Derulo; 565527848; 944716; 5171; 0.00167050; 0.00000914
Want to Want Me; Jason Derulo; 475262462; 238444; 11987; 0.00050171; 0.00002522
Wiggle (feat. Snoop Dogg); Jason Derulo; 1031064276; 448470; 3371; 0.00043496; 0.00000327
Trumpets; Jason Derulo; 241431795; 285491; 10855; 0.00118249; 0.00004496
Lush Life; Zara Larsson; 940660171; 503209; 1580071; 0.00053495; 0.00167975
High Hopes; Panic! At The Disco; 849964886; 2384078; 994238; 0.00280491; 0.00116974
Centuries; Fall Out Boy; 501399410; 688726; 1211940; 0.00137361; 0.00241711
My Songs Know What You Did In The Dark (Light Em Up); Fall Out Boy; 261659639; 6064; 999174; 0.00002318; 0.00381860
Geronimo; Sheppard; 60206832; 131670; 529629; 0.00218696; 0.00879683
Brave; Sara Bareilles; 163718699; 169505; 366237; 0.00103534; 0.00223699
Fight Song; Rachel Platten; 703346079; 881920; 434365; 0.00125389; 0.00061757
Try Everything - aus Zoomania; Shakira; 803139935; 393442; 244654; 0.00048988; 0.00030462
CAN'T STOP THE FEELING! (from DreamWorks Animation's TROLLS); Justin Timberlake; 1969354141; 678647; 37; 0.00034460; 0.00000002
Mirrors; Justin Timberlake; 1453823377; 6516310; 1582711; 0.00448219; 0.00108865
Suit & Tie (feat. JAY-Z); Justin Timberlake; 201563192; 1155639; 4; 0.00573338; 0.00000002
Earned It (Fifty Shades Of Grey); The Weeknd; 826335491; 1815660; 46990; 0.00219724; 0.00005687
Die Young; Kesha; 214163816; 268065; 366605; 0.00125168; 0.00171180
Glad You Came; The Wanted; 276584594; 205173; 1284943; 0.00074181; 0.00464575
What Makes You Beautiful; One Direction; 1711648537; 3589891; 1718381; 0.00209733; 0.00100393
Story of My Life; One Direction; 1071989976; 2076473; 1235929; 0.00193703; 0.00115293
Drag Me Down; One Direction; 1133511342; 994724; 1082589; 0.00087756; 0.00095508
Perfect; One Direction; 608588489; 1604611; 875666; 0.00263661; 0.00143885
Best Song Ever; One Direction; 828469011; 413195; 1001945; 0.00049875; 0.00120939
Jealous; Nick Jonas; 272322676; 900335; 483155; 0.00330613; 0.00177420
Sucker; Jonas Brothers; 424009063; 1324424; 841422; 0.00312357; 0.00198444
Meant to Be (feat. Florida Georgia Line); Bebe Rexha; 1263857593; 708416; 30297; 0.00056052; 0.00002397
Trap Queen; Fetty Wap; 967690091; 7909290; 1284003; 0.00817337; 0.00132687
Panda; Desiigner; 657247909; 6195559; 682074; 0.00942652; 0.00103777
Mask Off; Future; 666065656; 7231224; 1333398; 0.01085662; 0.00200190
XO Tour Llif3; Lil Uzi Vert; 596942652; 9436973; 1521635; 0.01580884; 0.00254905
The Box; Roddy Ricch; 779194312; 3716475; 1211206; 0.00476964; 0.00155443
Gucci Gang; Lil Pump; 1205477761; 4688556; 373278; 0.00388938; 0.00030965
SAD!; XXXTENTACION; 1321790493; 8362423; 6503; 0.00632659; 0.00000492
Jocelyn Flores; XXXTENTACION; 641861493; 7316137; 1219039; 0.01139831; 0.00189922
ROXANNE; Arizona Zervas; 277990935; 983213; 782470; 0.00353685; 0.00281473
Sweet but Psycho; Ava Max; 1042893285; 1819189; 883586; 0.00174437; 0.00084724
Let Me Go (with Alesso, Florida Georgia Line & watt); Hailee Steinfeld; 103142854; 510542; 13820; 0.00494985; 0.00013399
Starving; Hailee Steinfeld; 349531906; 685131; 563983; 0.00196014; 0.00161354
The Middle; Zedd; 156884173; 1935750; 745090; 0.01233872; 0.00474930
Clarity (feat. Foxes) - Tiësto Remix; Zedd; 412313362; 1369407; 1181645; 0.00332128; 0.00286589
Stay; Zedd; 567294822; 2095958; 584738; 0.00369465; 0.00103075
Scars To Your Beautiful; Alessia Cara; 168664346; 1408896; 720953; 0.00835325; 0.00427448
Here; Alessia Cara; 294848798; 1933411; 841534; 0.00655730; 0.00285412
Issues; Julia Michaels; 295317964; 4006972; 544050; 0.01356833; 0.00184225
Say You Won't Let Go; James Arthur; 1862516597; 5070448; 28; 0.00272236; 0.00000002
Hold Back The River; James Bay; 296679900; 226304; 590878; 0.00076279; 0.00199163
Budapest; George Ezra; 257849268; 818102; 1027342; 0.00317279; 0.00398427
Shotgun; George Ezra; 83211345; 564458; 445407; 0.00678343; 0.00535272
More Than You Know; Axwell /\ Ingrosso; 786972493; 1100291; 38; 0.00139813; 0.00000005
Sun Is Shining; Axwell /\ Ingrosso; 165677959; 33213; 4; 0.00020047; 0.00000002
Heroes (we could be); Alesso; 271747508; 118816; 7909; 0.00043723; 0.00002910
Hall of Fame (feat. will.i.am); The Script; 641068562; 605137; 452783; 0.00094395; 0.00070629
Superheroes; The Script; 260145097; 143328; 514054; 0.00055095; 0.00197603
Me, Myself & I; G-Eazy; 677306049; 2864045; 821398; 0.00422858; 0.00121274
Timber; Pitbull; 1591683263; 831036; 1403336; 0.00052211; 0.00088167
Side To Side; Ariana Grande; 2436293624; 3195863; 1398053; 0.00131177; 0.00057384
This Is What You Came For; Calvin Harris; 2943403139; 500738; 1343115; 0.00017012; 0.00045631
Somebody That I Used To Know; Gotye; 2662564171; 2741200; 2486992; 0.00102953; 0.00093406
Work; Rihanna; 1507316357; 8383583; 1221374; 0.00556193; 0.00081030
Problem; Ariana Grande; 1487135989; 818980; 1341555; 0.00055071; 0.00090211
Baby; Justin Bieber; 3663102186; 7414672; 1488716; 0.00202415; 0.00040641
F**kin' Perfect - Radio Edit; P!nk; 179511377; 225; 1; 0.00000125; 0.00000001
Where Are Ü Now (with Justin Bieber); Jack Ü; 1339149252; 2827; 12104; 0.00000211; 0.00000904
Heat Waves; Glass Animals; 917773638; 1572559; 1550682; 0.00171345; 0.00168961
vampire; Olivia Rodrigo; 180951939; 2827251; 1520893; 0.01562432; 0.00840496
Flowers; Miley Cyrus; 1231732347; 2319850; 1195028; 0.00188340; 0.00097020
Fortnight (feat. Post Malone); Taylor Swift; 175867503; 4252075; 30842; 0.02417772; 0.00017537
Kiss Me More (feat. SZA); Doja Cat; 535748715; 1833293; 18938; 0.00342193; 0.00003535
Paint The Town Red; Doja Cat; 402206302; 1021027; 1307098; 0.00253857; 0.00324982
Say So; Doja Cat; 613268408; 1639844; 1395495; 0.00267394; 0.00227550
MONTERO (Call Me By Your Name); Lil Nas X; 18295030; 2657470; 3773; 0.14525639; 0.00020623
INDUSTRY BABY (feat. Jack Harlow); Lil Nas X; 521602990; 2483835; 75969; 0.00476193; 0.00014565
First Class; Jack Harlow; 142208260; 1308083; 743080; 0.00919836; 0.00522529
Lovin On Me; Jack Harlow; 224783729; 678032; 698736; 0.00301637; 0.00310848
Easy On Me; Adele; 426966433; 3041199; 1115608; 0.00712281; 0.00261287
Bad Habits; Ed Sheeran; 740295912; 1267336; 759681; 0.00171193; 0.00102619
Shivers; Ed Sheeran; 422740169; 532451; 684737; 0.00125952; 0.00161976
WAP (feat. Megan Thee Stallion); Cardi B; 579519753; 17043016; 10211; 0.02940886; 0.00001762
Up; Cardi B; 330259774; 3040815; 657034; 0.00920734; 0.00198945
Savage Remix (feat. Beyoncé); Megan Thee Stallion; 100000000; 1238508; 4036; 0.01238508; 0.00004036
TEXAS HOLD 'EM; Beyoncé; 78344081; 636077; 735375; 0.00811902; 0.00938648
BREAK MY SOUL; Beyoncé; 49551855; 580353; 747070; 0.01171203; 0.01507653
Espresso; Sabrina Carpenter; 617842630; 2015196; 2211861; 0.00326167; 0.00357997
Please Please Please; Sabrina Carpenter; 301582408; 3321778; 1762543; 0.01101450; 0.00584432
Taste; Sabrina Carpenter; 255000143; 1953159; 1579306; 0.00765944; 0.00619335
Beautiful Things; Benson Boone; 1028477726; 1375218; 963227; 0.00133714; 0.00093656
Lose Control; Teddy Swims; 398808177; 1029421; 862736; 0.00258124; 0.00216329
Too Sweet; Hozier; 256860119; 1757838; 1403217; 0.00684356; 0.00546296
A Bar Song (Tipsy); Shaboozey; 4026186; 691785; 251; 0.17182142; 0.00006234
I Had Some Help (Feat. Morgan Wallen); Post Malone; 244929450; 983607; 19755; 0.00401588; 0.00008066
Last Night; Morgan Wallen; 211537218; 330168; 423882; 0.00156080; 0.00200382
Fast Car; Luke Combs; 70864221; 117980; 362622; 0.00166487; 0.00511714
Something in the Orange; Zach Bryan; 221901634; 326907; 611746; 0.00147321; 0.00275683
I Remember Everything (feat. Kacey Musgraves); Zach Bryan; 110215116; 919163; 5178; 0.00833972; 0.00004698
Stick Season; Noah Kahan; 65592323; 677370; 937647; 0.01032697; 0.01429507
Dial Drunk (with Post Malone); Noah Kahan; 22424200; 315042; 296655; 0.01404920; 0.01322923
Not Like Us; Kendrick Lamar; 478083001; 17718496; 1955805; 0.03706155; 0.00409093
Like That; Future; 170542289; 3634841; 1292606; 0.02131343; 0.00757939
MILLION DOLLAR BABY; Tommy Richman; 113948154; 677796; 1365393; 0.00594828; 0.01198258
Good Luck, Babe!; Chappell Roan; 147236276; 1607559; 2; 0.01091823; 0.00000001
HOT TO GO!; Chappell Roan; 77021098; 443083; 412; 0.00575275; 0.00000535
BIRDS OF A FEATHER; Billie Eilish; 851506345; 2342850; 2252354; 0.00275142; 0.00264514
LUNCH; Billie Eilish; 96820984; 1747547; 1602110; 0.01804926; 0.01654714
What Was I Made For? [From The Motion Picture Barbie]; Billie Eilish; 255552392; 744; 1; 0.00000291; 0.00000000
Happier Than Ever; Billie Eilish; 467212413; 4192148; 1571819; 0.00897268; 0.00336425
Die With A Smile; Lady Gaga; 1717193020; 6798278; 1815668; 0.00395895; 0.00105735
APT.; ROSÉ; 2528898860; 1212166; 177; 0.00047933; 0.00000007
Leave The Door Open; Bruno Mars; 946511130; 2323109; 1356100; 0.00245439; 0.00143274
Kill Bill; SZA; 140644622; 2736178; 2205796; 0.01945455; 0.01568347
Snooze; SZA; 155606057; 985303; 1584823; 0.00633204; 0.01018484
Good Days; SZA; 133010938; 2738948; 1543654; 0.02059190; 0.01160547
greedy; Tate McRae; 263880578; 1322394; 1307912; 0.00501134; 0.00495645
exes; Tate McRae; 70636386; 255825; 767752; 0.00362172; 0.01086907
Water; Tyla; 391299906; 719645; 1071439; 0.00183911; 0.00273815
Rush; Ayra Starr; 571949508; 197284; 195535; 0.00034493; 0.00034187
Calm Down (with Selena Gomez); Rema; 692718569; 1020358; 247959; 0.00147298; 0.00035795
Last Last; Burna Boy; 352732410; 709764; 254451; 0.00201219; 0.00072137
Essence (feat. Tems); Wizkid; 254422580; 303692; 3344; 0.00119365; 0.00001314
Boy's a liar Pt. 2; PinkPantheress; 292094907; 1327937; 1650579; 0.00454625; 0.00565083
Munch (Feelin’ U); Ice Spice; 67364220; 13603; 1017; 0.00020193; 0.00001510
Creepin' (with The Weeknd & 21 Savage); Metro Boomin; 47429744; 871424; 98; 0.01837294; 0.00000207
I'm Good (Blue); David Guetta; 390972061; 382670; 826212; 0.00097877; 0.00211323
Unholy (feat. Kim Petras); Sam Smith; 304458747; 2257420; 30734; 0.00741453; 0.00010095
About Damn Time; Lizzo; 152023548; 557593; 750883; 0.00366781; 0.00493925
WAIT FOR U (feat. Drake & Tems); Future; 110743613; 1246679; 3745; 0.01125734; 0.00003382
Super Freaky Girl; Nicki Minaj; 60268971; 679468; 826065; 0.01127393; 0.01370631
First Person Shooter (feat. J. Cole); Drake; 87424226; 1396376; 10601; 0.01597241; 0.00012126
Rich Flex; Drake; 130000000; 1434164; 954220; 0.01103203; 0.00734015
Jimmy Cooks (feat. 21 Savage); Drake; 122760217; 1018314; 10355; 0.00829515; 0.00008435
fukumean; Gunna; 130000000; 600488; 969992; 0.00461914; 0.00746148
DÁKITI; Bad Bunny; 1756844257; 981187; 620159; 0.00055849; 0.00035300
Me Porto Bonito; Bad Bunny; 1154667969; 453402; 730839; 0.00039267; 0.00063294
Tití Me Preguntó; Bad Bunny; 1082211746; 833714; 1031245; 0.00077038; 0.00095291
MONACO; Bad Bunny; 230775980; 455690; 544956; 0.00197460; 0.00236141
Ella Baila Sola; Eslabon Armado; 782062444; 523951; 538106; 0.00066996; 0.00068806
La Diabla; Xavi; 757305846; 72554; 196951; 0.00009581; 0.00026007
Gata Only; FloyyMenor; 932517430; 495387; 606036; 0.00053124; 0.00064989
Si Antes Te Hubiera Conocido; KAROL G; 301103933; 392852; 546835; 0.00130471; 0.00181610
PROVENZA; KAROL G; 1375861719; 168793; 472951; 0.00012268; 0.00034375
Shakira: Bzrp Music Sessions, Vol. 53/66; Bizarrap; 864076516; 579435; 98950; 0.00067058; 0.00011452
LALA; Myke Towers; 725365314; 28994; 284492; 0.00003997; 0.00039221
un x100to; Grupo Frontera; 1110188181; 359535; 403307; 0.00032385; 0.00036328
Dynamite; BTS; 2095867592; 4705867; 1099921; 0.00224531; 0.00052480
Butter; BTS; 1092434595; 3689562; 860725; 0.00337738; 0.00078790
Seven (feat. Latto) (Explicit Ver.); Jung Kook; 616482924; 103031; 5590; 0.00016713; 0.00000907
Cupid - Twin Version; FIFTY FIFTY; 90594129; 4786859; 542359; 0.05283851; 0.00598669
Super Shy; NewJeans; 46583934; 247636; 1224384; 0.00531591; 0.02628340
Rockstar; LISA; 391951994; 1088560; 646404; 0.00277728; 0.00164919
Magnetic; ILLIT; 319976188; 341458; 1020030; 0.00106714; 0.00318783
Pink Venom; BLACKPINK; 1081219586; 594930; 788169; 0.00055024; 0.00072896
360; Charli xcx; 40769105; 837787; 1654188; 0.02054956; 0.04057455
Guess featuring billie eilish; Charli xcx; 94407192; 1259864; 1589257; 0.01334500; 0.01683407
Dance The Night - From Barbie The Album; Dua Lipa; 229465975; 220983; 377775; 0.00096303; 0.00164632
Houdini; Dua Lipa; 254057155; 340517; 997678; 0.00134032; 0.00392698
positions; Ariana Grande; 698105594; 2097410; 1279233; 0.00300443; 0.00183243
we can't be friends (wait for your love); Ariana Grande; 369637178; 1428326; 1442172; 0.00386413; 0.00390159
yes, and?; Ariana Grande; 119330135; 1859255; 1152769; 0.01558077; 0.00966033
Rain On Me (with Ariana Grande); Lady Gaga; 460042698; 1201231; 42122; 0.00261113; 0.00009156
Hold Me Closer; Elton John; 34455248; 62200; 387120; 0.00180524; 0.01123544
Cold Heart - PNAU Remix; Elton John; 684944147; 394313; 29373; 0.00057569; 0.00004288
Escapism.; RAYE; 268737525; 708134; 1036; 0.00263504; 0.00000386
Prada; cassö; 30482656; 530556; 614811; 0.01740518; 0.02016921
i like the way you kiss me; Artemas; 237012028; 454219; 1222023; 0.00191644; 0.00515595
End of Beginning; Djo; 190000000; 1078549; 2071989; 0.00567657; 0.01090521
Glimpse of Us; Joji; 77878849; 1799037; 1526466; 0.02310046; 0.01960052
Romantic Homicide; d4vd; 212193992; 805958; 1530254; 0.00379821; 0.00721158
Until I Found You; Stephen Sanchez; 601342169; 2021074; 976752; 0.00336094; 0.00162429
golden hour; JVKE; 312680926; 592602; 1002476; 0.00189523; 0.00320607
My Love Mine All Mine; Mitski; 93990006; 1901438; 2070738; 0.02023021; 0.02203147
Strangers; Kenya Grace; 131421850; 628245; 901397; 0.00478037; 0.00685881
(It Goes Like) Nanana - Edit; Peggy Gou; 86174349; 95617; 595; 0.00110958; 0.00000690
Rush; Troye Sivan; 58190303; 252713; 1079057; 0.00434287; 0.01854359
Diet Pepsi; Addison Rae; 51505665; 355472; 1120813; 0.00690161; 0.02176097
That’s So True; Gracie Abrams; 44597268; 1432803; 5; 0.03212760; 0.00000011
I Love You, I'm Sorry; Gracie Abrams; 48070083; 1070425; 933034; 0.02226801; 0.01940987
The Emptiness Machine; Linkin Park; 211233584; 831219; 775936; 0.00393507; 0.00367336
Padam Padam; Kylie Minogue; 44254288; 101705; 376071; 0.00229820; 0.00849796
Beggin'; Måneskin; 286000000; 851798; 7613; 0.00297831; 0.00002662
Mood (feat. iann dior); 24kGoldn; 556748669; 1072421; 13660; 0.00192622; 0.00002454
ROCKSTAR (feat. Roddy Ricch); DaBaby; 209386525; 2091221; 17718; 0.00998737; 0.00008462
Big Energy; Latto; 71578489; 271922; 328364; 0.00379893; 0.00458747
F.N.F. (Let's Go); Hitkidd; 98190471; 193499; 152952; 0.00197065; 0.00155771
Yeah Glo!; GloRilla; 95409124; 217613; 22; 0.00228084; 0.00000023
Made For Me; Muni Long; 104735698; 236427; 278001; 0.00225737; 0.00265431
On My Mama; Victoria Monét; 115978981; 89458; 346746; 0.00077133; 0.00298973
Doja; Central Cee; 255930849; 1203259; 692845; 0.00470150; 0.00270716
Sprinter; Dave; 382046181; 1731344; 731508; 0.00453177; 0.00191471
love nwantiti (ah ah ah); CKay; 617315143; 542847; 5015; 0.00087937; 0.00000812
soso; OMAH LAY; 277674816; 143947; 186144; 0.00051840; 0.00067037
you broke me first; Tate McRae; 348078523; 509282; 893085; 0.00146312; 0.00256576
abcdefu; GAYLE; 291732003; 677004; 594617; 0.00232064; 0.00203823
Ghost; Justin Bieber; 512615629; 760216; 878509; 0.00148301; 0.00171378
Late Night Talking; Harry Styles; 84807350; 684216; 1086636; 0.00806789; 0.01281299
Used To Be Young; Miley Cyrus; 80980119; 1116386; 361377; 0.01378593; 0.00446254
Chemical; Post Malone; 90573339; 284164; 539934; 0.00313739; 0.00596129
Take My Breath; The Weeknd; 203704789; 445508; 868653; 0.00218703; 0.00426427
Die For You - Remix; The Weeknd; 626561362; 946859; 2038679; 0.00151120; 0.00325376
Karma; Taylor Swift; 78904534; 1605215; 1070740; 0.02034376; 0.01357007
Is It Over Now? (Taylor's Version) (From The Vault); Taylor Swift; 35377729; 2605379; 97; 0.07364461; 0.00000274
Anti-Hero; Taylor Swift; 242236003; 2314154; 470; 0.00955330; 0.00000194
Savage Love (Laxed - Siren Beat); Jawsh 685; 12530227; 341950; 200; 0.02729001; 0.00001596
